x,truth,SR (ours),polynomial,random_forest,mlp
-8.0,10.357432986493528,10.35743298649353,-153.7177428562686,-0.03468588274525353,0.1774763920543857
-7.979974968710889,10.326360236342818,10.32636023634282,-149.09206018413462,-0.03468588274525353,0.17570210618116355
-7.9599499374217775,10.29373004310986,10.293730043109862,-144.58030224047602,-0.03468588274525353,0.17392782030793963
-7.939924906132666,10.259550667135272,10.259550667135274,-140.18022004723477,-0.03468588274525353,0.17215353443471637
-7.919899874843554,10.223831039129923,10.223831039129925,-135.8895993086247,-0.03468588274525353,0.17037924856149222
-7.899874843554443,10.186580753388927,10.186580753388931,-131.70626000778807,-0.03468588274525353,0.1686049626882692
-7.8798498122653315,10.147810060734026,10.147810060734027,-127.62805600678844,-0.03468588274525353,0.16683067681504704
-7.85982478097622,10.10752986118845,10.107529861188452,-123.65287464992663,-0.03468588274525353,0.16505639094182312
-7.839799749687109,10.065751696388517,10.065751696388519,-119.77863637035746,-0.03468588274525353,0.1632821050685992
-7.819774718397998,10.022487741736274,10.022487741736278,-116.00329429999233,-0.03468588274525353,0.1615078191953766
-7.7997496871088865,9.977750798297627,9.977750798297631,-112.32483388266878,-0.03468588274525353,0.15973353332215356
-7.779724655819774,9.931554284450504,9.931554284450506,-108.74127249057183,-0.03468588274525353,0.15795924744892742
-7.759699624530663,9.883912227287698,9.8839122272877,-105.25065904388698,-0.03468588274525353,0.15618496157570616
-7.739674593241552,9.834839253779094,9.834839253779096,-101.85107363366872,-0.03468588274525353,0.15441067570248246
-7.719649561952441,9.78435058169816,9.784350581698163,-98.54062714790844,-0.03468588274525353,0.15263638982926186
-7.699624530663329,9.732462010317587,9.732462010317589,-95.3174609007831,-0.03468588274525353,0.15086210395603328
-7.679599499374218,9.679189910879114,9.679189910879115,-92.17974626506755,-0.03468588274525353,0.1490878180828129
-7.659574468085107,9.624551216842637,9.624551216842637,-89.12568430769404,-0.03468588274525353,0.1473135322095881
-7.639549436795995,9.568563413919769,9.568563413919769,-86.15350542844114,-0.03468588274525353,0.14553924633636728
-7.619524405506883,9.511244529897183,9.511244529897183,-83.26146900173588,-0.03468588274525353,0.14376496046314313
-7.599499374217772,9.452613124254988,9.45261312425499,-80.44786302155065,-0.03468588274525353,0.14199067458991854
-7.579474342928661,9.392688277585666,9.39268827758567,-77.71100374938017,-0.03468588274525353,0.1402163887166964
-7.55944931163955,9.331489580819005,9.331489580819007,-75.0492353652789,-0.03468588274525353,0.13844210284347314
-7.539424280350438,9.269037124258627,9.26903712425863,-72.4609296219448,-0.03468588274525353,0.13666781697024855
-7.519399249061326,9.205351486435756,9.20535148643576,-69.94448550182933,-0.03468588274525353,0.13489353109702462
-7.499374217772215,9.140453722785931,9.140453722785933,-67.49832887726156,-0.03468588274525353,0.13311924522380247
-7.479349186483104,9.074365354154414,9.074365354154416,-65.12091217356364,-0.03468588274525353,0.13134495935057944
-7.459324155193992,9.007108355136165,9.007108355136165,-62.810714035146724,-0.03468588274525353,0.1295706734773564
-7.439299123904881,8.938705142256246,8.938705142256248,-60.566238994567264,-0.03468588274525353,0.12779638760413226
-7.41927409261577,8.869178561996625,8.869178561996627,-58.38601714452792,-0.03468588274525353,0.12602210173091055
-7.399249061326659,8.798551878675328,8.79855187867533,-56.26860381280604,-0.03468588274525353,0.12424781585768661
-7.3792240300375465,8.726848762184055,8.726848762184055,-54.21257924009486,-0.03468588274525353,0.12247352998446225
-7.359198998748435,8.654093275590306,8.654093275590307,-52.216548260740204,-0.03468588274525353,0.12069924411123877
-7.339173967459324,8.580309862610152,8.580309862610154,-50.27913998635315,-0.03468588274525353,0.11892495823801595
-7.319148936170213,8.505523334957863,8.505523334957864,-48.39900749228823,-0.03468588274525353,0.11715067236479225
-7.299123904881101,8.429758859578577,8.429758859578579,-46.574827506965924,-0.03468588274525353,0.11537638649156877
-7.27909887359199,8.353041945770276,8.353041945770277,-44.805300104025,-0.03468588274525353,0.11360210061834573
-7.259073842302879,8.275398432201335,8.275398432201335,-43.08914839728893,-0.03468588274525353,0.1118278147451227
-7.239048811013767,8.19685447382997,8.19685447382997,-41.42511823852859,-0.03468588274525353,0.11005352887189944
-7.2190237797246555,8.117436528731924,8.117436528731925,-39.81197791800704,-0.03468588274525353,0.10827924299867485
-7.198998748435544,8.037171344842715,8.037171344842717,-38.24851786778904,-0.03468588274525353,0.10650495712545248
-7.178973717146433,7.95608594662087,7.956085946620871,-36.73355036779824,-0.03468588274525353,0.10473067125222967
-7.158948685857322,7.874207621638503,7.874207621638504,-35.265909254609674,-0.03468588274525353,0.10295638537900596
-7.13892365456821,7.791563907105681,7.791563907105682,-33.84444963295683,-0.03468588274525353,0.10118209950578315
-7.118898623279099,7.708182576334954,7.708182576334956,-32.46804758994093,-0.03468588274525353,0.099407813632559
-7.098873591989987,7.624091625152516,7.624091625152518,-31.135599911925105,-0.03468588274525353,0.09763352775933552
-7.078848560700876,7.539319258262422,7.539319258262423,-29.846023804097534,-0.03468588274525353,0.09585924188611115
-7.0588235294117645,7.4538938755702455,7.453893875570246,-28.598256612688367,-0.03468588274525353,0.09408495601288878
-7.038798498122653,7.367844058472706,7.367844058472707,-27.39125554982413,-0.03468588274525353,0.09231067013966553
-7.018773466833542,7.281198556119596,7.281198556119598,-26.223997421003723,-0.03468588274525353,0.09053638426644316
-6.998748435544431,7.193986271654499,7.1939862716545,-25.095478355181648,-0.03468588274525353,0.08876209839321923
-6.9787234042553195,7.10623624844067,7.10623624844067,-24.004713537440885,-0.03468588274525353,0.08698781251999486
-6.958698372966207,7.017977656278495,7.017977656278495,-22.950736944241577,-0.03468588274525353,0.08521352664677294
-6.938673341677096,6.929239777620934,6.929239777620936,-21.932601081229187,-0.03468588274525353,0.08343924077354857
-6.918648310387985,6.840051993793242,6.840051993793243,-20.94937672358582,-0.03468588274525353,0.0816649549003262
-6.8986232790988735,6.750443771223395,6.750443771223395,-20.000152658911553,-0.03468588274525353,0.07989066902710183
-6.878598247809762,6.660444647689494,6.660444647689495,-19.084035432618144,-0.03468588274525353,0.07811638315387902
-6.858573216520651,6.570084218590439,6.57008421859044,-18.20014909582064,-0.03468588274525353,0.0762597274854334
-6.83854818523154,6.479392123246146,6.479392123246148,-17.34763495571149,-0.03468588274525353,0.07426069537771972
-6.818523153942428,6.388398031233533,6.388398031233534,-16.52565132840251,-0.03468588274525353,0.07226166327000559
-6.798498122653316,6.2971316287644665,6.297131628764467,-15.733373294218202,-0.03468588274525353,0.07026263116229146
-6.778473091364205,6.2056226051118095,6.20562260511181,-14.969992455425816,-0.03468588274525353,0.068263599054578
-6.758448060075094,6.113900639089708,6.113900639089708,-14.234716696388366,-0.03468588274525353,0.06626456694686432
-6.7384230287859825,6.021995385594169,6.0219953855941695,-13.526769946122888,-0.03468588274525353,0.06426553483914864
-6.718397997496871,5.929936462209956,5.929936462209957,-12.845391943250908,-0.03468588274525353,0.062266502731436066
-6.69837296620776,5.837753435889769,5.83775343588977,-12.189838003325567,-0.03468588274525353,0.06026747062372216
-6.678347934918648,5.745475809711636,5.745475809711637,-11.559378788520197,-0.03468588274525353,0.05826843851600892
-6.658322903629537,5.653133009720397,5.653133009720398,-10.953300079663924,-0.03468588274525353,0.05626940640829413
-6.638297872340425,5.560754371859041,5.560754371859041,-10.37090255060851,-0.03468588274525353,0.05427037430058067
-6.618272841051314,5.468369128995701,5.468369128995701,-9.811501544912934,-0.03468588274525353,0.05245514609246303
-6.598247809762203,5.376006398051971,5.376006398051972,-9.274426854829803,-0.03468588274525353,0.05076193914026837
-6.578222778473092,5.28369516723816,5.283695167238161,-8.759022502579247,-0.03468588274525353,0.049068732188075045
-6.55819774718398,5.191464283401041,5.191464283401041,-8.26464652389611,-0.03468588274525353,0.04737552523587994
-6.538172715894868,5.09934243948959,5.0993424394895905,-7.790670753834568,-0.03468588274525353,0.045682318283685505
-6.518147684605757,5.007358162144146,5.007358162144146,-7.336480614817154,-0.03468588274525353,0.0439891113314924
-6.498122653316646,4.915539799414255,4.915539799414255,-6.9014749069120915,-0.03468588274525353,0.04229590437929841
-6.478097622027534,4.823915508610569,4.82391550861057,-6.485065600325519,-0.03468588274525353,0.040602697427103304
-6.458072590738423,4.732513244295913,4.732513244295913,-6.086677630093852,-0.03468588274525353,0.03890949047490998
-6.438047559449312,4.641360746420627,4.641360746420627,-5.705748692961172,-0.03468588274525353,0.03721628352271576
-6.418022528160201,4.550485528607242,4.550485528607242,-5.3417290464287595,-0.03468588274525353,0.03552307657052199
-6.397997496871088,4.459914866589375,4.459914866589375,-4.994081309960584,-0.03468588274525353,0.033829869618328665
-6.377972465581977,4.369675786809757,4.369675786809757,-4.662280268332117,-0.03468588274525353,0.03213666266613423
-6.357947434292866,4.279795055182052,4.279795055182053,-4.34581267710714,-0.03468588274525353,0.030443455713938458
-6.337922403003755,4.190299166021254,4.190299166021254,-4.044177070228833,-0.03468588274525353,0.028750248761745353
-6.317897371714643,4.101214331147137,4.101214331147137,-3.756883569710857,-0.03468588274525353,0.027057041809550916
-6.297872340425532,4.012566469165291,4.012566469165291,-3.4834536974142254,-0.03468588274525353,0.02536383485735781
-6.277847309136421,3.9243811949301124,3.9243811949301124,-3.2234201888962617,-0.03468588274525353,0.023670627905164263
-6.257822277847309,3.8366838091940174,3.8366838091940174,-2.9763268093169644,-0.03468588274525353,0.02197742095296916
-6.2377972465581975,3.749499288447098,3.749499288447098,-2.7417281713896444,-0.03468588274525353,0.020284214000775833
-6.217772215269086,3.6628522749512356,3.6628522749512356,-2.519189555361072,-0.03468588274525353,0.018591007048580063
-6.197747183979975,3.57676706697273,3.57676706697273,-2.3082867310077604,-0.03468588274525353,0.01689780009638718
-6.177722152690864,3.491267609217249,3.491267609217249,-2.1086057816344153,-0.03468588274525353,0.015204593144192965
-6.157697121401752,3.4063774834709015,3.406377483470901,-1.9197429300608975,-0.03468588274525353,0.013511386191998306
-6.137672090112641,3.3221198994510597,3.3221198994510592,-1.741304366583242,-0.03468588274525353,0.01181817923980387
-6.117647058823529,3.238517685870505,3.238517685870505,-1.5729060788961307,-0.03468588274525353,0.010124972287610765
-6.097622027534418,3.1555932817183265,3.155593281718326,-1.4141736839624799,-0.03468588274525353,0.008431765335416105
-6.0775969962453065,3.073368727760852,3.0733687277608515,-1.2647422618161017,-0.03468588274525353,0.006738558383221668
-6.057571964956195,2.991865658265892,2.9918656582658913,-1.1242561912850761,-0.03468588274525353,0.005045351431027675
-6.037546933667084,2.911105292953332,2.911105292953332,-0.9923689876211826,-0.03468588274525353,0.0033521444788336824
-6.017521902377973,2.8311084291750754,2.831108429175075,-0.8687431420223733,-0.03468588274525353,0.0016589375266394674
-5.997496871088861,2.751895434327187,2.7518954343271864,-0.7530499630347324,-0.03468588274525353,-3.426942555430357e-05
-5.977471839799749,2.6734862384969786,2.673486238496978,-0.6449694198208166,-0.03468588274525353,-0.0017274763777478525
-5.957446808510639,2.595900327347688,2.5959003273476875,-0.5441899872804529,-0.03468588274525353,-0.0034206833299426226
-5.937421777221527,2.5191567352431687,2.5191567352431683,-0.45040849301129404,-0.03468588274525353,-0.0051138902821363935
-5.9173967459324155,2.44327403861511,2.4432740386151095,-0.36332996609524193,-0.03468588274525353,-0.006807097234330831
-5.897371714643304,2.3682703495748916,2.3682703495748907,-0.2826674876981402,-0.03468588274525353,-0.00850030418652449
-5.877346683354192,2.2941633097723226,2.2941633097723226,-0.20814204346906584,-0.03468588274525353,-0.010193511138718261
-5.857321652065082,2.2209700845032487,2.2209700845032483,-0.1394823777264792,-0.03468588274525353,-0.011886718090913365
-5.83729662077597,2.1487073570678463,2.1487073570678454,-0.07642484941771832,-0.03468588274525353,-0.013579925043106802
-5.817271589486858,2.0773913233815167,2.077391323381516,-0.018713289839132785,-0.03468588274525353,-0.015273131995301129
-5.797246558197747,2.007037686839847,2.0070376868398467,0.03390113789638727,-0.03468588274525353,-0.016966338947494677
-5.777221526908636,1.937661653439287,1.9376616534392863,0.08166007765692151,-0.03468588274525353,-0.018659545899688226
-5.7571964956195245,1.869277927154861,1.8692779271548603,0.12479811736796742,-0.03468588274525353,-0.020352752851883663
-5.737171464330412,1.801900705576192,1.8019007055761913,0.16354292437967766,-0.03468588274525353,-0.02209854703059301
-5.717146433041302,1.7355436758029974,1.7355436758029967,0.1981153791382878,-0.03468588274525353,-0.023867038662641518
-5.69712140175219,1.6702200106009917,1.670220010600991,0.228729707174247,-0.03468588274525353,-0.025635530294690248
-5.677096370463079,1.60594236481921,1.6059423648192093,0.25559360942028186,-0.03468588274525353,-0.027404021926737868
-5.657071339173967,1.5427228720693476,1.5427228720693469,0.278908390871082,-0.03468588274525353,-0.029172513558787264
-5.637046307884856,1.4805731416678767,1.480573141667876,0.2988690875983989,-0.03468588274525353,-0.030941005190836326
-5.617021276595745,1.4195042558413684,1.4195042558413677,0.31566459213345277,-0.03468588274525353,-0.03270949682288528
-5.596996245306633,1.3595267671954179,1.359526767195417,0.3294777772292873,-0.03468588274525353,-0.034477988454933675
-5.576971214017522,1.300650696447431,1.30065069644743,0.34048561801596244,-0.03468588274525353,-0.036246480086982405
-5.55694618272841,1.2428855304233388,1.242885530423338,0.34885931256042946,-0.03468588274525353,-0.038014971719031024
-5.536921151439299,1.1862402203183486,1.1862402203183477,0.3547644008440839,-0.03468588274525353,-0.0397834633510802
-5.516896120150188,1.1307231802214568,1.130723180221456,0.35836088217009754,-0.03468588274525353,-0.04155195498312826
-5.496871088861076,1.0763422859035856,1.0763422859035847,0.35980333101293505,-0.03468588274525353,-0.04332044661517699
-5.476846057571965,1.0231048738689024,1.0231048738689015,0.3592410113222838,-0.03468588274525353,-0.04508893824722572
-5.456821026282853,0.9710177406688332,0.9710177406688323,0.35681798929368946,-0.03468588274525353,-0.046857429879275006
-5.4367959949937426,0.9200871424781449,0.920087142478144,0.3526732446180899,-0.03468588274525353,-0.04862592151132307
-5.41677096370463,0.870318794932313,0.8703187949323121,0.34694078022249764,-0.03468588274525353,-0.050394413143372355
-5.396745932415519,0.8217178732253672,0.8217178732253663,0.33974973051368573,-0.03468588274525353,-0.052162904775420973
-5.376720901126408,0.7742890124671296,0.7742890124671287,0.331224468137305,-0.03468588274525353,-0.053931396407469814
-5.356695869837297,0.7280363082987957,0.7280363082987948,0.32148470926408146,-0.03468588274525353,-0.05569988803951777
-5.336670838548185,0.6829633177655925,0.6829633177655916,0.31064561741540453,-0.03468588274525353,-0.0574683796715665
-5.316645807259073,0.6390730604451469,0.639073060445146,0.2988179058399657,-0.03468588274525353,-0.05923687130361567
-5.296620775969963,0.5963680198301189,0.596368019830118,0.2861079384535449,-0.03468588274525353,-0.06101577027964712
-5.276595744680851,0.5548501449634458,0.5548501449634449,0.27261782935374634,-0.03468588274525353,-0.06282839839839395
-5.256570713391739,0.514520852324579,0.5145208523245781,0.2584455409212877,-0.03468588274525353,-0.06464102651714244
-5.236545682102628,0.47538102796478476,0.4753810279647839,0.24368498051989584,-0.03468588274525353,-0.06645365463588927
-5.216520650813517,0.437431029889642,0.4374310298896411,0.22842609580635675,-0.03468588274525353,-0.06826628275463643
-5.196495619524406,0.4006706906866593,0.4006706906866584,0.2127549686624034,-0.03468588274525353,-0.07007891087338326
-5.1764705882352935,0.3650993203958346,0.3650993203958337,0.19675390776001345,-0.03468588274525353,-0.07189153899213098
-5.156445556946183,0.33071570962091146,0.33071570962091057,0.18050153977187244,-0.03468588274525353,-0.07373255895133347
-5.136420525657071,0.2975181328789058,0.29751813287890494,0.1640728992383712,-0.03468588274525353,-0.07558772722184771
-5.11639549436796,0.26550435218546653,0.26550435218546564,0.1475395171026127,-0.03468588274525353,-0.07744289549236107
-5.0963704630788484,0.23467162087341276,0.23467162087341187,0.1309695079250529,-0.03468588274525353,-0.07929806376287542
-5.076345431789737,0.20501668764179204,0.20501668764179115,0.1144276557889311,-0.03468588274525353,-0.08115323203338855
-5.056320400500626,0.17653580083263076,0.17653580083262987,0.09797549890814616,-0.03468588274525353,-0.08300840030390257
-5.036295369211514,0.14922471293247108,0.1492247129324702,0.08167141294857971,-0.03468588274525353,-0.08486356857441614
-5.016270337922403,0.12307868529569976,0.12307868529569888,0.06557069307429708,-0.03468588274525353,-0.08671873684492916
-4.996245306633291,0.09809249308653945,0.09809249308653856,0.04972563472990055,-0.03468588274525353,-0.08857390511544407
-4.97622027534418,0.07426043043653996,0.07426043043653907,0.034185613170071405,-0.03468588274525353,-0.09042907338595808
-4.956195244055069,0.0515763158142275,0.051576315814226614,0.01899716174750965,-0.03468588274525353,-0.09228424165647177
-4.9361702127659575,0.030033497603557446,0.030033497603556558,0.004204048970421481,-0.03468588274525353,-0.09413940992698512
-4.916145181476846,0.009624859887681136,0.009624859887680248,-0.01015264565953855,-0.03468588274525353,-0.09599457819749892
-4.896120150187734,-0.009657171565555789,-0.009657171565556677,-0.02403445701780582,-0.03468588274525353,-0.09784974646801288
-4.876095118898624,-0.027820623120009103,-0.02782062312000999,-0.037405460924868295,-0.03468588274525353,-0.09970491473852662
-4.8560700876095115,-0.04487396689331202,-0.04487396689331291,-0.050232201900915485,-0.03468588274525353,-0.10156008300904075
-4.8360450563204,-0.06082611418840278,-0.06082611418840367,-0.062483622096220715,-0.08302598456246453,-0.10341525127955421
-4.816020025031289,-0.07568640873845656,-0.07568640873845744,-0.07413099138634272,-0.08302598456246453,-0.10527041955006784
-4.795994993742178,-0.08946461976917286,-0.08946461976917375,-0.08514783862163589,-0.1053159161758126,-0.10712558782058153
-4.7759699624530665,-0.10217093488250395,-0.10217093488250484,-0.09550988401995808,-0.1053159161758126,-0.10898075609109582
-4.755944931163954,-0.11381595276594059,-0.11381595276594147,-0.10519497269225708,-0.1053159161758126,-0.11083592436160934
-4.735919899874844,-0.12441067573157705,-0.12441067573157794,-0.11418300929012004,-0.12071231046177466,-0.1126910926321227
-4.715894868585732,-0.13396650208923377,-0.13396650208923466,-0.12245589376481958,-0.13542519952549645,-0.11454626090263732
-4.6958698372966206,-0.14249521835797463,-0.14249521835797552,-0.12999745822730946,-0.13542519952549645,-0.11640142917315079
-4.675844806007509,-0.1500089913204472,-0.1500089913204481,-0.13679340489853298,-0.14729208740583546,-0.1182565974436643
-4.655819774718398,-0.15652035992451063,-0.15652035992451152,-0.14283124513972345,-0.14934732023758462,-0.12011176571417799
-4.635794743429287,-0.16204222703670013,-0.16204222703670101,-0.14810023955221274,-0.16268072000287018,-0.12196693398469212
-4.615769712140175,-0.16658785105211082,-0.1665878510521117,-0.15259133913634548,-0.16647954113238708,-0.12382210225520586
-4.595744680851064,-0.17017083736537497,-0.17017083736537586,-0.15629712749913482,-0.16647954113238708,-0.1256772705257188
-4.575719649561952,-0.1728051297074198,-0.17280512970742068,-0.1592117641006029,-0.1670576906511976,-0.12753243879623288
-4.555694618272841,-0.17450500135278402,-0.1745050013527849,-0.16133092852812203,-0.167947497586731,-0.12938760706674712
-4.53566958698373,-0.17528504620228924,-0.17528504620229013,-0.16265176578903928,-0.16857708271187272,-0.13124277533726092
-4.515644555694618,-0.17516016974593018,-0.17516016974593107,-0.16317283261110094,-0.16877976669358982,-0.13309794360777466
-4.495619524405507,-0.17414557991088442,-0.1741455799108853,-0.16289404474068603,-0.16743032883269943,-0.13495311187828785
-4.475594493116395,-0.1722567777995776,-0.1722567777995785,-0.16181662522874307,-0.1627264921370244,-0.1368082801488018
-4.4555694618272845,-0.16950954832279796,-0.16950954832279885,-0.1599430536944514,-0.15710527787092304,-0.13866344841931594
-4.435544430538172,-0.16591995073286725,-0.16591995073286814,-0.15727701655663184,-0.15661069486853696,-0.14051861668982968
-4.415519399249061,-0.1615043090619379,-0.1615043090619388,-0.1538233582228964,-0.15661069486853696,-0.1423449761313822
-4.39549436795995,-0.15627920247048,-0.15627920247048088,-0.1495880332267122,-0.15661069486853696,-0.14399206437232936
-4.375469336670839,-0.1502614555111006,-0.15026145551110148,-0.1445780593025484,-0.1501106806829489,-0.14563712725976224
-4.355444305381727,-0.14346812831281364,-0.14346812831281452,-0.13880147138925125,-0.13851031143831224,-0.147282190147195
-4.335419274092615,-0.13591650669094113,-0.13591650669094202,-0.1322672765518923,-0.1335541999312671,-0.14856934464381866
-4.315394242803505,-0.12762409218783488,-0.12762409218783577,-0.12498540981248418,-0.13177448038355272,-0.14962858579593852
-4.295369211514393,-0.1186085920496105,-0.11860859204961138,-0.11696669087974476,-0.13177448038355272,-0.13878813052127476
-4.275344180225281,-0.10888790914414415,-0.10888790914414503,-0.10822278176836486,-0.11861171395506644,-0.12458826733825508
-4.25531914893617,-0.09848013182554394,-0.09848013182554483,-0.09876614529824101,-0.058808014877800796,-0.1103884041552355
-4.235294117647059,-0.08740352375036387,-0.08740352375036475,-0.08861000446404443,-0.03670294739772438,-0.09596604631965185
-4.215269086357948,-0.07567651365081085,-0.07567651365081174,-0.07776830266570844,-0.029929882793736526,-0.08100606602337106
-4.1952440550688355,-0.0633176850702113,-0.06331768507021218,-0.06625566479037703,-0.02719360952643443,-0.06604608572709013
-4.175219023779725,-0.05034576606601049,-0.05034576606601138,-0.05408735913636409,-0.02719360952643443,-0.05108610543081006
-4.155193992490613,-0.03677961888556047,-0.03677961888556136,-0.04127926016987271,-0.02719360952643443,-0.036126125134529216
-4.135168961201502,-0.02263822961999118,-0.022638229619991845,-0.02784781210502907,-0.01832086801784424,-0.021166144838248316
-4.11514392991239,-0.007940697841395394,-0.00794069784139606,-0.013809993298082746,-0.011976719777074199,-0.006135162978909134
-4.095118898623279,0.007293773771381851,0.0072937737713811845,0.0008167185535222776,0.004144237549133436,0.009312582413743123
-4.075093867334168,0.02304588981312672,0.023045889813126053,0.01601438041636316,0.02877933457925291,0.02682409264188014
-4.055068836045056,0.0392962725335575,0.03929627253355683,0.03176461713964962,0.0381895886659943,0.045834765110739376
-4.035043804755945,0.05602547221432608,0.05602547221432541,0.048048653896354154,0.04538044860597154,0.06605299238830502
-4.015018773466833,0.07321397753652681,0.07321397753652614,0.0648473478559134,0.04538044860597154,0.08627121966587166
-3.994993742177722,0.09084222593349267,0.090842225933492,0.08214121909744532,0.04669072357657112,0.10648944694343775
-3.9749687108886107,0.10889061392375421,0.10889061392375354,0.09991048077250453,0.06593735149489026,0.1267076742210042
-3.9549436795994994,0.12733950741898714,0.12733950741898648,0.11813506852622102,0.09846985488370623,0.1469259014985696
-3.934918648310388,0.1461692520018505,0.14616925200184983,0.13679466918578365,0.18621973097314445,0.16714412877613555
-3.914893617021277,0.1653601831686271,0.16536018316862644,0.15586874872495637,0.21396679270752428,0.18736235605370216
-3.8948685857321648,0.1848926365316086,0.18489263653160792,0.1753365795135488,0.21770867069019162,0.20758058333126883
-3.8748435544430535,0.20474695797620512,0.20474695797620446,0.19517726686045095,0.2370536112487612,0.22779881060883478
-3.8548185231539422,0.22490351376780615,0.22490351376780549,0.21536977485901865,0.2453737357892114,0.24801703788640073
-3.834793491864831,0.24534270060343077,0.24534270060343033,0.23589295154339762,0.2615940187821854,0.26823526516396623
-3.8147684605757197,0.26604495560327157,0.2660449556032711,0.25672555336438485,0.26389402453544636,0.2884534924415323
-3.7947434292866085,0.28699076623727726,0.2869907662372768,0.2778462689934238,0.26636829795359335,0.3086717197190987
-3.774718397997497,0.3081606801819454,0.308160680181945,0.2992337424632029,0.29221783637139687,0.328889946996665
-3.754693366708385,0.3295353151025695,0.32953531510256906,0.3208665956533482,0.35991481020203125,0.3491081742742316
-3.734668335419274,0.3510953683562128,0.35109536835621236,0.34272345012962874,0.35991481020203125,0.36932640155179774
-3.7146433041301625,0.372821626610758,0.3728216266107576,0.3647829483450352,0.3707869036871346,0.3895446288293642
-3.6946182728410513,0.39469497537540477,0.3946949753754043,0.38702377421109063,0.39638468443531566,0.4097628561069292
-3.67459324155194,0.416696408438074,0.41669640843807354,0.40942467304767416,0.39638468443531566,0.42998108338449564
-3.6545682102628287,0.4388070372052194,0.43880703720521896,0.43196447091958756,0.4222421187367614,0.45019931066206154
-3.6345431789737166,0.4610080999396141,0.4610080999396138,0.4546220933680754,0.4877889976907457,0.47041753793962837
-3.6145181476846053,0.4832809708917324,0.48328097089173205,0.47737658354546575,0.4958914827913145,0.49063576521719454
-3.594493116395494,0.505607169320437,0.5056071693204367,0.5002071197610257,0.49736615271571877,0.5108539924947607
-3.574468085106383,0.5279683683987153,0.527968368398715,0.5230930324460986,0.5402810889674943,0.5310722197723267
-3.5544430538172715,0.5503464040003024,0.5503464040003021,0.5460138205465609,0.5402810889674943,0.5512904470498919
-3.5344180225281603,0.5727232833630899,0.5727232833630895,0.5689491673505604,0.5646990340320542,0.5715086743274588
-3.514392991239049,0.5950811936252948,0.5950811936252944,0.5918789557594688,0.6134388497509479,0.5917269016050247
-3.494367959949937,0.6174025102304306,0.6174025102304304,0.6147832830099615,0.6375786001474464,0.6119451288825913
-3.4743429286608256,0.639669805197209,0.6396698051972087,0.6376424748550231,0.6375786001474464,0.6321633561601577
-3.4543178973717144,0.6618658552505746,0.6618658552505744,0.6604370992117399,0.6556717541372205,0.6523815834377235
-3.434292866082603,0.6839736498101487,0.6839736498101485,0.6831479792835795,0.6581393758247035,0.6725998107152896
-3.414267834793492,0.705976398832449,0.7059763988324488,0.7057562061648832,0.7117217623837129,0.6928180379928554
-3.3942428035043806,0.7278575405033292,0.7278575405033291,0.7282431509352749,0.7192562416645586,0.7130362652704215
-3.3742177722152693,0.7496007487771728,0.7496007487771725,0.7505904762515421,0.7440049318635477,0.7332544925479877
-3.354192740926157,0.7711899407594525,0.7711899407594522,0.7727801474446415,0.7767762017340166,0.7534727198255542
-3.334167709637046,0.7926092839293597,0.7926092839293595,0.7947944431292823,0.7902612757124642,0.7736909471031204
-3.3141426783479346,0.8138432031993081,0.8138432031993079,0.8166159653336552,0.7902612757124642,0.7939091743806866
-3.2941176470588234,0.83487638780818,0.8348763878081797,0.838227649156687,0.8147078002998223,0.8141274016582528
-3.274092615769712,0.8556937980453018,0.8556937980453017,0.8596127719602656,0.8638939830784913,0.8343456289358181
-3.254067584480601,0.876280671802216,0.8762806718022159,0.8807549621037594,0.8638939830784913,0.8545638562133846
-3.2340425531914896,0.896622530949412,0.896622530949412,0.9016382072281596,0.8800094231331858,0.8747820834909504
-3.2140175219023774,0.9167051875352767,0.9167051875352767,0.922246862097112,0.9213372043841894,0.895000310768517
-3.193992490613266,0.9365147498046184,0.9365147498046184,0.942565656002043,0.9250922057562784,0.9152185380460834
-3.173967459324155,0.9560376280342278,0.9560376280342278,0.9625796997385874,0.935886346877896,0.9354367653236495
-3.1539424280350437,0.9752605401830161,0.9752605401830161,0.9822744921614177,0.9888040836677419,0.9556549926012149
-3.1339173967459324,0.9941705173543949,0.9941705173543949,1.0016359263245855,1.0318281032581016,0.9758732198787808
-3.113892365456821,1.0127549090686478,1.0127549090686478,1.0206502952144136,1.0479152021665663,0.9960914471563475
-3.09386733416771,1.0310013883431521,1.0310013883431521,1.039304297081939,1.0551036711673047,1.0163096744339135
-3.0738423028785977,1.048897956578412,1.048897956578412,1.0575850403818543,1.0614041154540532,1.0365279017114801
-3.0538172715894865,1.0664329482479595,1.0664329482479595,1.0754800483248688,1.0643129547516508,1.0567461289890463
-3.033792240300375,1.083595035390307,1.0835950353903072,1.0929772630503576,1.0841724213960942,1.0765439593490884
-3.013767209011264,1.1003732319012043,1.1003732319012043,1.1100650494261042,1.1112495506767022,1.0963278889616002
-2.9937421777221527,1.1167568976245943,1.1167568976245945,1.1267321984819225,1.1112495506767022,1.1153150160376788
-2.9737171464330414,1.13273574224075,1.13273574224075,1.142967930483913,1.1192946605062863,1.131741206371329
-2.95369211514393,1.1482998289501785,1.1482998289501785,1.1587618976559937,1.1339312969703224,1.1470352187833812
-2.933667083854818,1.1634395779520028,1.163439577952003,1.1741041865554018,1.1339312969703224,1.162329231195434
-2.9136420525657067,1.1781457697156188,1.178145769715619,1.188985320108721,1.2268363258201591,1.1776232436074863
-2.8936170212765955,1.1924095480445553,1.1924095480445556,1.2033962593150282,1.2268363258201591,1.1929172560195387
-2.873591989987484,1.2062224229315521,1.2062224229315524,1.2173284046226436,1.2297826305650228,1.2082112684315904
-2.853566958698373,1.2195762732039954,1.2195762732039954,1.2307735969859532,1.2743745511387794,1.2235052808436426
-2.8335419274092617,1.232463348958955,1.2324633489589552,1.2437241186087462,1.2819715249134562,1.238799293255695
-2.8135168961201504,1.244876273787173,1.2448762737871732,1.2561726933804116,1.285548096153718,1.2533662213200236
-2.7934918648310383,1.2568080467854703,1.2568080467854705,1.2681124870113627,1.285548096153718,1.2630394636755005
-2.773466833541927,1.2682520443571372,1.2682520443571375,1.2795371068739434,1.304437526909566,1.2721722638544637
-2.7534418022528158,1.2792020217999993,1.2792020217999998,1.2904406015550909,1.3055667260780544,1.2813050640334267
-2.7334167709637045,1.2896521146819397,1.2896521146819397,1.3008174601269276,1.3055667260780544,1.2904378642123902
-2.7133917396745932,1.2995968400037845,1.2995968400037847,1.3106626111414632,1.3055833275113682,1.2995706643913534
-2.693366708385482,1.3090310971495636,1.3090310971495636,1.3199714213554903,1.3097022005681753,1.3087034645703173
-2.6733416770963707,1.3179501686242583,1.3179501686242583,1.3287396941917606,1.3097022005681753,1.3178362647492803
-2.6533166458072586,1.3263497205792751,1.3263497205792754,1.3369636679424586,1.3141328760355548,1.326969064928244
-2.6332916145181473,1.3342258031259715,1.3342258031259717,1.344640013720943,1.315561291571163,1.3361018651072076
-2.613266583229036,1.3415748504376896,1.34157485043769,1.3517658331676885,1.3167143975471485,1.3452346652861709
-2.593241551939925,1.3483936806408434,1.3483936806408439,1.3583386559163335,1.317544604602975,1.3523652863333107
-2.5732165206508135,1.354679495495723,1.3546794954957235,1.364356436825651,1.3184594994649645,1.3582299581048538
-2.5531914893617023,1.3604298798677843,1.3604298798677845,1.3698175529832681,1.318897467114903,1.3640946298763972
-2.533166458072591,1.3656428009902961,1.3656428009902966,1.3747208004868665,1.322055963550081,1.3699593016479403
-2.513141426783479,1.370316607519328,1.3703166075193285,1.3790653910085862,1.322055963550081,1.375823973419484
-2.4931163954943676,1.3744500283821572,1.3744500283821575,1.382850948148306,1.3248366096856286,1.381688645191027
-2.4730913642052563,1.3780421714202908,1.378042171420291,1.386077503581399,1.3248366096856286,1.3875533169625704
-2.453066332916145,1.3810925218283912,1.3810925218283914,1.3887454930065637,1.3253863710911955,1.3934179887341136
-2.433041301627034,1.3836009403905012,1.3836009403905014,1.3908557518992541,1.3253863710911955,1.3963195424939117
-2.4130162703379225,1.3855676615150672,1.3855676615150676,1.3924095110761905,1.3253863710911955,1.3958397999406371
-2.3929912390488113,1.3869932910703588,1.386993291070359,1.3934083920764042,1.3253863710911955,1.3948974240733476
-2.372966207759699,1.387878804021979,1.3878788040219792,1.3938544023642119,1.3253863710911955,1.3930065575587767
-2.352941176470588,1.3882255418742693,1.3882255418742697,1.3937499303594743,1.3253863710911955,1.3911156910442053
-2.3329161451814766,1.3880352099174993,1.3880352099174997,1.3930977403004525,1.3253863710911955,1.3892009609278981
-2.3128911138923653,1.3873098742828336,1.3873098742828338,1.391900966944518,1.3253863710911955,1.3872642083806241
-2.292866082603254,1.3860519588071667,1.3860519588071671,1.390163110111953,1.3253863710911955,1.3853274558333508
-2.272841051314143,1.3842642417100037,1.384264241710004,1.387888029078,1.3253863710911955,1.3833907032860768
-2.2528160200250316,1.381949852084666,1.3819498520846665,1.385079936818316,1.3252979658820254,1.3814539507388035
-2.2327909887359194,1.379112266206187,1.3791122662061874,1.381743394112895,1.3252979658820254,1.3784874247613363
-2.212765957446808,1.3757553036583563,1.3757553036583567,1.377883303513514,1.325221863213898,1.3746259951080473
-2.192740926157697,1.3718831232824584,1.3718831232824589,1.3735049031797124,1.325221863213898,1.3706236558914064
-2.1727158948685856,1.3675002189503433,1.3675002189503438,1.3686137605882327,1.325221863213898,1.3665355639364865
-2.1526908635794744,1.3626114151645483,1.3626114151645488,1.363215766120863,1.325221863213898,1.3622759880401516
-2.132665832290363,1.3572218624882766,1.357221862488277,1.3573171265355204,1.3246091239051454,1.356648787448704
-2.112640801001252,1.3513370328081231,1.3513370328081236,1.3509243583254125,1.3242498258035982,1.3510215868572562
-2.0926157697121397,1.3449627144325182,1.3449627144325187,1.3440442809710587,1.3242498258035982,1.3453943862658082
-2.0725907384230284,1.3381050070289418,1.3381050070289422,1.3366840100898794,1.3233633901981197,1.3397671856743603
-2.052565707133917,1.330770316403033,1.3307703164030333,1.328850950488068,1.3233633901981197,1.3325877206153522
-2.032540675844806,1.3229653491228066,1.322965349122807,1.320552789119366,1.320041133659408,1.3247280732569762
-2.0125156445556946,1.314697106991257,1.3146971069912574,1.3117974879553769,1.3164241134634327,1.3159443126524624
-1.9924906132665834,1.305972881370698,1.3059728813706983,1.3025932767719033,1.313730683793967,1.3063672419199177
-1.9724655819774712,1.2968002473622737,1.2968002473622742,1.2929486458559216,1.3135097586417788,1.2964927914031972
-1.95244055068836,1.2871870578441316,1.287187057844132,1.2828723386375436,1.3111094087402162,1.286618340886477
-1.9324155193992487,1.2771414373718135,1.277141437371814,1.2723733442514789,1.3110104801154512,1.2767438903697568
-1.9123904881101375,1.266671775944511,1.2666717759445114,1.2614608900323323,1.3012396860001516,1.2668694398530362
-1.8923654568210262,1.255786722640861,1.2557867226408614,1.2501444339480612,1.2884415588623512,1.2567637388542985
-1.872340425531915,1.244495179128045,1.2444951791280454,1.2384336569759191,1.2874731251429303,1.2457977909762332
-1.8523153942428037,1.2328062930480082,1.2328062930480086,1.2263384554250707,1.2856589637551425,1.2332705890034654
-1.8322903629536915,1.2207294512846625,1.220729451284663,1.2138689332101578,1.244057770373722,1.2198734907115807
-1.8122653316645803,1.2082742731160159,1.2082742731160163,1.2010353940798764,1.2350202617564623,1.206476392419697
-1.792240300375469,1.1954506032551944,1.1954506032551946,1.1878483338047436,1.1980234621768304,1.1930792941278132
-1.7722152690863577,1.1822685047844044,1.1822685047844046,1.1743184323281193,1.1780006018822562,1.17923662478671
-1.7521902377972465,1.1687382519859135,1.168738251985914,1.1604565458844298,1.1780006018822562,1.1650706193829576
-1.7321652065081352,1.1548703230741804,1.1548703230741806,1.1462736990886822,1.1780006018822562,1.1502353909071286
-1.712140175219024,1.1406753928333113,1.1406753928333115,1.1317810770011043,1.175996874480482,1.1338543365327418
-1.6921151439299118,1.1261643251640652,1.1261643251640656,1.116990017170846,1.164211802322955,1.1171722495040364
-1.6720901126408005,1.1113481655446669,1.111348165544667,1.1019120016625816,1.164211802322955,1.1003162156152846
-1.6520650813516893,1.0962381334097215,1.0962381334097218,1.0865586490697994,1.138968568749516,1.0834601817265328
-1.632040050062578,1.0808456144515795,1.0808456144515797,1.0709417065185367,1.138968568749516,1.0666041478377812
-1.6120150187734668,1.0651821528485088,1.0651821528485093,1.055073041665284,1.1322945484763107,1.049748113949029
-1.5919899874843555,1.0492594434240865,1.049259443424087,1.038964634692701,1.0800029572197218,1.0328920800602772
-1.5719649561952442,1.033089323742232,1.0330893237422325,1.0226285703067828,0.9962484971127529,1.0160360461715257
-1.551939924906132,1.0166837661423518,1.0166837661423522,1.006077029739038,0.9785186405794807,0.9991800122827729
-1.5319148936170208,1.0000548697190716,1.0000548697190719,0.9893222827572375,0.9320970542874085,0.9823239783940213
-1.5118898623279096,0.9832148522510644,0.9832148522510648,0.9723766796881871,0.9262407649272291,0.9654679445052693
-1.4918648310387983,0.9661760420835068,0.966176042083507,0.9552526434559802,0.9079848106364063,0.9486119106165177
-1.471839799749687,0.9489508699687025,0.9489508699687028,0.937962661639154,0.9079848106364063,0.9317558767277657
-1.4518147684605758,0.9315518608694395,0.9315518608694399,0.9205192785500672,0.9079848106364063,0.9148998428390139
-1.4317897371714645,0.913991625729653,0.9139916257296533,0.9029350873398133,0.9029153959242043,0.898043808950262
-1.4117647058823524,0.8962828532169789,0.8962828532169792,0.885222722131973,0.879371673382957,0.8811877750615096
-1.391739674593241,0.8784383014417991,0.8784383014417996,0.8673948501883707,0.879371673382957,0.8643317411727577
-1.3717146433041298,0.8604707896573668,0.8604707896573671,0.8494641641100592,0.8461818969870651,0.847475707284006
-1.3516896120150186,0.8423931899456303,0.8423931899456306,0.8314433740766342,0.8461818969870651,0.830619673395254
-1.3316645807259073,0.8242184188933546,0.8242184188933549,0.8133452001269769,0.8041069726749103,0.8137636395065021
-1.311639549436796,0.8059594292631468,0.8059594292631471,0.7951823644844805,0.7980992084115616,0.7969076056177502
-1.2916145181476848,0.7876292016639904,0.7876292016639906,0.7769675839297262,0.7974789904571574,0.7800515717289985
-1.2715894868585726,0.7692407362258827,0.769240736225883,0.7587135622235924,0.7812952741623783,0.763195537840246
-1.2515644555694614,0.750807044283172,0.7508070442831722,0.7404329825837049,0.7730592799009232,0.7463395039514941
-1.2315394242803501,0.7323411400711605,0.7323411400711607,0.7221385002170756,0.7205038328045353,0.7294834700627423
-1.2115143929912389,0.7138560324405555,0.7138560324405557,0.7038427349117519,0.7205038328045353,0.7126274361739905
-1.1914893617021276,0.6953647165943114,0.6953647165943116,0.6855582636902874,0.6934498418556835,0.6957714022852386
-1.1714643304130163,0.6768801658513999,0.6768801658514001,0.6672976135277146,0.6934498418556835,0.6789153683964867
-1.151439299123905,0.6584153234420247,0.6584153234420249,0.6490732541367487,0.6665467197270378,0.6620593345077349
-1.131414267834793,0.6399830943387739,0.6399830943387741,0.6308975908228304,0.6665467197270378,0.6452033006189825
-1.1113892365456817,0.6215963371281846,0.6215963371281849,0.6127829574116527,0.6446698308266642,0.6283472667302306
-1.0913642052565704,0.603267855927152,0.6032678559271523,0.5947416092516641,0.6309307409846846,0.6114912328414787
-1.0713391739674591,0.5850103923486127,0.585010392348613,0.5767857162941193,0.6309307409846846,0.5946351989527271
-1.0513141426783479,0.5668366175208779,0.5668366175208781,0.5589273562530993,0.5759505883002608,0.5777791650639752
-1.0312891113892366,0.5487591241649693,0.5487591241649695,0.5411785078479391,0.5759505883002608,0.5609231311752233
-1.0112640801001254,0.530790418734276,0.5307904187342762,0.5235510441304411,0.4710437501520744,0.5440670972864714
-0.9912390488110132,0.512942913620809,0.5129429136208091,0.5060567258991903,0.4710437501520744,0.527211063397719
-0.971214017521902,0.4952289194322982,0.49522891943229835,0.48870719520329053,0.4635619017429321,0.510355029508967
-0.9511889862327907,0.4776606373443178,0.47766063734431796,0.4715139689377178,0.4607360792927373,0.49349899562021526
-0.9311639549436794,0.4602501515316096,0.46025015153160975,0.4544884325325288,0.44964499527521906,0.47664296173146337
-0.9111389236545682,0.4430094216827007,0.44300942168270085,0.4376418337380755,0.4436391314521055,0.4597869278427116
-0.8911138923654569,0.4259502756018803,0.4259502756018805,0.420985276508293,0.43970265910552464,0.4429308939539598
-0.8710888610763456,0.40908440190254475,0.4090844019025449,0.4045297149841892,0.3976706263237099,0.4260748600652079
-0.8510638297872335,0.392423342795868,0.3924233427958682,0.3882859475795065,0.3976706263237099,0.4092188261764554
-0.8310387984981222,0.37597848697870645,0.37597848697870656,0.37226461117055665,0.3976706263237099,0.39236279228770343
-0.811013767209011,0.3597610626245736,0.3597610626245737,0.3564761753921456,0.3976706263237099,0.3755067583989516
-0.7909887359198997,0.3437821304814903,0.3437821304814904,0.3409309370414907,0.34792609060927776,0.3586507245101998
-0.7709637046307884,0.3280525770804301,0.32805257708043023,0.3256390145919611,0.32936164901174825,0.34179469062144796
-0.7509386733416772,0.3125831080580295,0.31258310805802964,0.31061034281844624,0.26285692741713007,0.32493865673269606
-0.7309136420525659,0.2973842415971702,0.2973842415971703,0.2958546675361057,0.23186501950380792,0.30808262284394433
-0.7108886107634538,0.28246630198897027,0.2824663019889704,0.28138154045419583,0.22881358072946587,0.2912265889551917
-0.6908635794743425,0.2678394133196596,0.2678394133196597,0.2672003141466691,0.22429699643693213,0.27437055506644004
-0.6708385481852313,0.253513493285734,0.25351349328573414,0.253320137141129,0.22429699643693213,0.25751452117768814
-0.65081351689612,0.2394982471407323,0.2394982471407324,0.23974994912774517,0.2167153673320772,0.2406584872889364
-0.6307884856070087,0.2258031617768866,0.2258031617768867,0.22649847628964925,0.21550125613646004,0.22490710380655465
-0.6107634543178975,0.2124374999448364,0.21243749994483652,0.21357422675629156,0.21122491781606825,0.2127014744251377
-0.5907384230287862,0.19941029461451462,0.1994102946145147,0.20098548618121959,0.20508046643966665,0.20049584504372087
-0.5707133917396741,0.1867303434802395,0.18673034348023956,0.1887403134456579,0.18433857183659008,0.18829021566230342
-0.5506883604505628,0.17440620361296902,0.17440620361296907,0.17684653648925408,0.17190135746125,0.17608458628088658
-0.5306633291614515,0.16244618626258442,0.16244618626258447,0.1653117482692904,0.15131160480922207,0.16387895689946963
-0.5106382978723403,0.15085835181300578,0.15085835181300583,0.15414330284963784,0.13791324303400995,0.15167332751805274
-0.490613266583229,0.13965050489284173,0.13965050489284178,0.14334831162067163,0.13379404387502888,0.139467698136636
-0.47058823529411775,0.12883018964420073,0.12883018964420076,0.13293363965130822,0.12000855638739359,0.1272620687552189
-0.4505632040050065,0.11840468515220333,0.11840468515220337,0.12290590217431074,0.10012760239248192,0.11698141253250509
-0.43053817271589434,0.10838100103764746,0.1083810010376475,0.113271461205947,0.09705414319314798,0.10769504763206587
-0.4105131414267831,0.09876587321519305,0.09876587321519309,0.10403642230104271,0.09373291483265817,0.09840868273162702
-0.3904881101376718,0.0895657598193346,0.08956575981933462,0.09520663144441699,0.0917923513292759,0.08912231783118822
-0.37046307884856056,0.08078683730035448,0.0807868373003545,0.0867876720796742,0.08830792213937169,0.07983595293074945
-0.3504380475594493,0.07243499669234288,0.0724349966923429,0.0787848622762447,0.08336610644626,0.07054958803031054
-0.33041301627033803,0.06451584005528703,0.06451584005528706,0.07120325203553401,0.08174103475737414,0.0634457137143072
-0.3103879849812259,0.057034677093134936,0.05703467709313496,0.0640476207370334,0.08069772586690416,0.05669879996934184
-0.2903629536921146,0.04999652194964707,0.04999652194964709,0.057322474725124084,0.08064420796702165,0.04995188622437689
-0.27033792240300336,0.04340609018374705,0.04340609018374706,0.051032045037335494,0.08064420796702165,0.04320497247941192
-0.2503128911138921,0.03726779592599731,0.03726779592599733,0.04518028527473594,0.07887783936998452,0.036458058734446894
-0.23028785982478084,0.03158574921771717,0.031585749217717174,0.03977086961509635,0.07887783936998452,0.03033239719742266
-0.21026282853566958,0.0263637535341691,0.026363753534169112,0.03480719096942775,0.07887783936998452,0.025007959680431083
-0.19023779724655832,0.021605303493138932,0.02160530349313894,0.030292359282447667,0.07887783936998452,0.019683522163439285
-0.17021276595744617,0.01731358275013536,0.017313582750135368,0.026229199977472306,0.07739742720855804,0.014412224750687139
-0.1501877346683349,0.013491462081336352,0.013491462081336357,0.022620252546218578,0.07490888857118826,0.010178761147829105
-0.13016270337922364,0.01014149765530492,0.010141497655304924,0.019467769283919467,0.0743190626762994,0.0076372851937283465
-0.11013767209011238,0.007265929494402675,0.007265929494402678,0.016773714170137732,0.07287437605112823,0.00671960162668607
-0.09011264080100112,0.004866680126721056,0.004866680126721058,0.014539761895603465,0.07287437605112823,0.005856028447276937
-0.07008760951188986,0.002945353429252418,0.002945353429252419,0.012767297035367497,0.07287437605112823,0.004992455267867832
-0.0500625782227786,0.0015032336629193623,0.001503233662919363,0.011457413368503588,0.07287437605112823,0.004347540340972109
-0.030037546933666448,0.0005412846999783143,0.0005412846999783145,0.010610913344576756,0.07287437605112823,0.0053481449888776594
-0.010012515644555187,6.0149444210622004e-05,6.0149444210622024e-05,0.010228307696995231,0.07280087477489262,0.0064192962373968016
0.010012515644556075,6.014944421063268e-05,6.0149444210632704e-05,0.01030981520340879,0.07280087477489262,0.0079866295435531
0.030037546933666448,0.0005412846999783143,0.0005412846999783145,0.010855362593156781,0.07280087477489262,0.01177653907142405
0.0500625782227786,0.0015032336629193623,0.001503233662919363,0.011864584601826711,0.07280087477489262,0.015593235847483525
0.07008760951189075,0.0029453534292524916,0.0029453534292524933,0.013336824172903827,0.07280087477489262,0.019409932623542916
0.09011264080100112,0.004866680126721056,0.004866680126721058,0.01527113280639203,0.07280087477489262,0.02322662939960217
0.11013767209011327,0.007265929494402792,0.007265929494402794,0.017666271054363025,0.07280087477489262,0.02704332617566145
0.13016270337922364,0.01014149765530492,0.010141497655304924,0.0205207091632148,0.07280087477489262,0.030860022951720564
0.1501877346683358,0.01349146208133651,0.013491462081336515,0.0238326278624742,0.07433028624436507,0.034676719727780095
0.17021276595744617,0.01731358275013536,0.017313582750135368,0.027599919299884035,0.07433028624436507,0.03849341650383924
0.19023779724655832,0.021605303493138932,0.02160530349313894,0.03182018812248011,0.07433028624436507,0.04231011327989863
0.21026282853567047,0.026363753534169324,0.026363753534169334,0.03649075270333013,0.07433028624436507,0.046126810055958076
0.23028785982478084,0.03158574921771717,0.031585749217717174,0.041608646513548675,0.07433028624436507,0.049943506832017134
0.250312891113893,0.03726779592599758,0.03726779592599759,0.04717061963916824,0.08738647485978915,0.05376020360807664
0.27033792240300336,0.04340609018374705,0.04340609018374706,0.05317314044239396,0.08981869031655368,0.05757690038413575
0.2903629536921155,0.04999652194964737,0.04999652194964739,0.059612397366728964,0.12891640447971608,0.061393597160195115
0.3103879849812259,0.057034677093134936,0.05703467709313496,0.06648430088540735,0.13886044124518812,0.06521029393625431
0.33041301627033803,0.06451584005528703,0.06451584005528706,0.07378448559255257,0.1401763555090962,0.07110258105825003
0.3504380475594502,0.07243499669234324,0.07243499669234327,0.08150831243638101,0.1413788783467328,0.08011494706680268
0.37046307884856056,0.08078683730035448,0.0807868373003545,0.08965087109378878,0.1413788783467328,0.08912731307535442
0.3904881101376727,0.089565759819335,0.08956575981933503,0.09820698248557902,0.1413788783467328,0.09813967908390701
0.4105131414267831,0.09876587321519305,0.09876587321519309,0.10717120143152792,0.1413788783467328,0.10715204509245867
0.43053817271589523,0.10838100103764788,0.10838100103764792,0.11653781944450003,0.1413788783467328,0.11616441110101121
0.4505632040050056,0.11840468515220287,0.11840468515220291,0.12630086766271897,0.1413788783467328,0.12517677710956293
0.47058823529411775,0.12883018964420073,0.12883018964420076,0.13645411991928158,0.1413788783467328,0.13418914311811542
0.4906132665832299,0.1396505048928422,0.13965050489284225,0.14699109594797355,0.1413788783467328,0.14320150912666818
0.5106382978723403,0.15085835181300578,0.15085835181300583,0.15790506472435795,0.1413788783467328,0.1522802378750518
0.5306633291614524,0.16244618626258492,0.16244618626258497,0.16918904794112277,0.1413788783467328,0.16248493148201293
0.5506883604505628,0.17440620361296902,0.17440620361296907,0.18083582361655826,0.14173924850595299,0.17473056472172083
0.570713391739675,0.18673034348024006,0.18673034348024012,0.19283792983506653,0.1496034490805458,0.187304337070049
0.5907384230287871,0.19941029461451518,0.19941029461451526,0.20518766861848958,0.1514077504403732,0.19987810941837708
0.6107634543178975,0.2124374999448364,0.21243749994483652,0.21787710992704457,0.16253514831124083,0.21251261356028617
0.6307884856070096,0.22580316177688722,0.2258031617768873,0.2308980957886163,0.21540293393208249,0.22615479551479484
0.65081351689612,0.2394982471407323,0.2394982471407324,0.24424224455505306,0.23237850503774365,0.24051965212893683
0.6708385481852321,0.2535134932857347,0.2535134932857348,0.2579009552841448,0.24004058435546544,0.25614022749280796
0.6908635794743425,0.2678394133196596,0.2678394133196597,0.27186541224584715,0.24004058435546544,0.2717608028566778
0.7108886107634547,0.28246630198897094,0.28246630198897105,0.28612658955134995,0.24867718288544677,0.28738137822054893
0.7309136420525668,0.29738424159717086,0.297384241597171,0.30067525590343924,0.27010077478405636,0.30300195358442006
0.7509386733416772,0.3125831080580295,0.31258310805802964,0.3155019794666748,0.3128501872068929,0.3186225289482899
0.7709637046307893,0.32805257708043084,0.32805257708043095,0.33059713285576364,0.33702627398090085,0.33522420692008326
0.7909887359198997,0.3437821304814903,0.3437821304814904,0.3459508982405145,0.33702627398090085,0.3521967264790172
0.8110137672090119,0.35976106262457425,0.35976106262457436,0.3615532725657177,0.33702627398090085,0.36961281883090336
0.8310387984981222,0.37597848697870645,0.37597848697870656,0.3773940728842139,0.34568901637844,0.38703175320556804
0.8510638297872344,0.3924233427958687,0.3924233427958689,0.39346294180141805,0.34568901637844,0.4044506875802342
0.8710888610763465,0.40908440190254547,0.40908440190254564,0.40974935302946125,0.34568901637844,0.4218696219549004
0.8911138923654569,0.4259502756018803,0.4259502756018805,0.4262426170491501,0.34568901637844,0.4392885563295649
0.911138923654569,0.44300942168270147,0.44300942168270163,0.44293188687781304,0.3490755154979562,0.456707490704231
0.9311639549436794,0.4602501515316096,0.46025015153160975,0.45980616394110185,0.3519961812505115,0.4741264250788958
0.9511889862327916,0.4776606373443186,0.47766063734431874,0.4768543040468084,0.36675013995085515,0.49154535945356204
0.971214017521902,0.4952289194322982,0.49522891943229835,0.49406502345858383,0.3804426722315102,0.5089642938282265
0.9912390488110141,0.5129429136208098,0.5129429136208099,0.5114269050676202,0.40141688721460994,0.5263832282028927
1.0112640801001263,0.5307904187342768,0.530790418734277,0.5289284046600403,0.4208722790577918,0.5438021625775589
1.0312891113892366,0.5487591241649693,0.5487591241649695,0.5465578572779334,0.4208722790577918,0.5612210969522237
1.0513141426783488,0.5668366175208788,0.566836617520879,0.5643034836718247,0.5199193960041051,0.5786400313268897
1.0713391739674591,0.5850103923486127,0.585010392348613,0.5821533968422582,0.6859850064010982,0.5960589657015544
1.0913642052565713,0.6032678559271528,0.603267855927153,0.6000956086683081,0.7638577406249641,0.6134779000762207
1.1113892365456817,0.6215963371281846,0.6215963371281849,0.6181180366205895,0.7683997086944219,0.6308968344508851
1.1314142678347938,0.6399830943387746,0.6399830943387749,0.6362085105564511,0.7770290234134265,0.6483157688255513
1.151439299123906,0.6584153234420255,0.6584153234420257,0.6543547795948795,0.7797085811440597,0.6657347032002175
1.1714643304130163,0.6768801658513999,0.6768801658514001,0.6725445190686862,0.7855855778098053,0.6831536375748821
1.1914893617021285,0.6953647165943122,0.6953647165943124,0.690765337551433,0.7855855778098053,0.7005725719495485
1.2115143929912389,0.7138560324405555,0.7138560324405557,0.709004783956536,0.7855855778098053,0.717991506324213
1.231539424280351,0.7323411400711612,0.7323411400711615,0.7272503547059793,0.7893295098459567,0.7354104406988793
1.2515644555694614,0.750807044283172,0.7508070442831722,0.7454895009659498,0.7893295098459567,0.7528293750735439
1.2715894868585735,0.7692407362258835,0.7692407362258837,0.763709635946734,0.7893295098459567,0.7702483094482101
1.2916145181476857,0.7876292016639912,0.7876292016639914,0.7818981422641013,0.8006304413328635,0.7876672438228761
1.311639549436796,0.8059594292631468,0.8059594292631471,0.8000423793594434,0.8139497992147362,0.8050861781975409
1.3316645807259082,0.8242184188933553,0.8242184188933557,0.8181296909758188,0.8202590370330671,0.8225051125722069
1.3516896120150186,0.8423931899456303,0.8423931899456306,0.8361474126869973,0.8302324128907417,0.8399240469468717
1.3717146433041307,0.8604707896573676,0.8604707896573679,0.8540828794766667,0.8381055996983592,0.8573429813215377
1.391739674593241,0.8784383014417991,0.8784383014417996,0.8719234333647828,0.8535681044966961,0.8747619156962024
1.4117647058823533,0.8962828532169796,0.89628285321698,0.8896564310780758,0.9016246489228014,0.8921808500708687
1.4317897371714654,0.9139916257296539,0.9139916257296542,0.9072692517616704,0.9183125063763985,0.9095997844455346
1.4518147684605758,0.9315518608694395,0.9315518608694399,0.9247493047287302,0.9183125063763985,0.9270187188201996
1.471839799749688,0.9489508699687033,0.9489508699687036,0.9420840372449869,0.950515178666286,0.9444376531948656
1.4918648310387983,0.9661760420835068,0.966176042083507,0.9592609423449477,0.967485537078868,0.9618565875695303
1.5118898623279104,0.9832148522510653,0.9832148522510656,0.9762675666766202,0.9725280633982569,0.9792755219441965
1.5319148936170208,1.0000548697190716,1.0000548697190719,0.993091518371401,0.9980549677713713,0.996694456318861
1.551939924906133,1.0166837661423525,1.016683766142353,1.0097204749358937,1.0129167465690379,1.014113390693527
1.5719649561952451,1.033089323742233,1.0330893237422334,1.0261421911622186,1.0696467908287586,1.0305755443255242
1.5919899874843555,1.0492594434240865,1.049259443424087,1.0423445070534987,1.0805575977961113,1.0466996188263205
1.6120150187734676,1.0651821528485095,1.06518215284851,1.0583153557610003,1.0805575977961113,1.062823693327118
1.632040050062578,1.0808456144515795,1.0808456144515797,1.0740427715294596,1.0878143572708396,1.0789477678279147
1.6520650813516902,1.096238133409722,1.0962381334097224,1.089514897647081,1.0942790647398084,1.0950718423287118
1.6720901126408005,1.1113481655446669,1.111348165544667,1.104719994396596,1.1149908002659852,1.111195916829508
1.6921151439299127,1.1261643251640658,1.126164325164066,1.1196464470037766,1.1236723795705919,1.1273199913303056
1.7121401752190248,1.140675392833312,1.1406753928333122,1.134282773579717,1.1236723795705919,1.1434440658311034
1.7321652065081352,1.1548703230741804,1.1548703230741806,1.1486176330531743,1.1251321211486003,1.1595681403318994
1.7521902377972474,1.1687382519859142,1.1687382519859146,1.1626398330892427,1.1381461246000268,1.1717507171116535
1.7722152690863577,1.1822685047844044,1.1822685047844046,1.1763383379904855,1.2116443144410716,1.1839025513310226
1.7922403003754699,1.1954506032551948,1.1954506032551953,1.1897022765767438,1.2116443144410716,1.1960543855503927
1.8122653316645803,1.2082742731160159,1.2082742731160163,1.2027209500397098,1.2147290692723567,1.2080514754702534
1.8322903629536924,1.220729451284663,1.2207294512846634,1.2153838397683043,1.2317010966657747,1.219562909774975
1.8523153942428046,1.2328062930480086,1.232806293048009,1.2276806151409145,1.238855227731531,1.231074344079697
1.872340425531915,1.244495179128045,1.2444951791280454,1.2396011412804393,1.238855227731531,1.242512304453624
1.892365456821027,1.2557867226408614,1.2557867226408619,1.2511354867680762,1.2408538505562212,1.2537009480893884
1.9123904881101375,1.266671775944511,1.2666717759445114,1.2622739313117561,1.3053720509992974,1.264889591725152
1.9324155193992496,1.277141437371814,1.2771414373718144,1.2730069733650367,1.311779218085025,1.276060685399777
1.95244055068836,1.2871870578441316,1.287187057844132,1.2833253376922706,1.3125289507595679,1.2866962373527866
1.9724655819774721,1.2968002473622744,1.2968002473622748,1.293219982875787,1.3125785606367493,1.297154844631592
1.9924906132665843,1.3059728813706983,1.3059728813706988,1.3026821087608262,1.3138911225409364,1.3070741070390308
2.0125156445556946,1.314697106991257,1.3146971069912574,1.3117031638338301,1.3151721942257026,1.3146480077192908
2.032540675844807,1.322965349122807,1.3229653491228075,1.3202748525297743,1.3270226073309628,1.3222219083995517
2.052565707133917,1.330770316403033,1.3307703164030333,1.3283891424640775,1.3270226073309628,1.3295714173933235
2.0725907384230293,1.338105007028942,1.3381050070289424,1.336038271584611,1.3299253763748704,1.3361317759885984
2.0926157697121397,1.3449627144325182,1.3449627144325187,1.3432147552393245,1.3389383628196487,1.3426921345838732
2.112640801001252,1.3513370328081231,1.3513370328081236,1.3499113931549171,1.3464528027922762,1.3492524931791483
2.132665832290364,1.357221862488277,1.3572218624882775,1.3561212763219217,1.3493744019593397,1.3558128517744235
2.1526908635794744,1.3626114151645483,1.3626114151645488,1.3618377937816013,1.3493744019593397,1.3623732103696977
2.1727158948685865,1.3675002189503433,1.3675002189503438,1.3670546393099428,1.3493744019593397,1.3681295661570747
2.192740926157697,1.3718831232824584,1.3718831232824589,1.3717658179939862,1.3493744019593397,1.37276282016672
2.212765957446809,1.3757553036583565,1.375755303658357,1.3759656526957662,1.3494681686594385,1.3773346596955325
2.2327909887359194,1.379112266206187,1.3791122662061874,1.3796487903989756,1.3494681686594385,1.379835164545825
2.2528160200250316,1.381949852084666,1.3819498520846665,1.382810208433535,1.3494681686594385,1.3819283839268306
2.2728410513141437,1.3842642417100037,1.384264241710004,1.3854452205731165,1.3494681686594385,1.3840216033078356
2.292866082603254,1.3860519588071667,1.3860519588071671,1.387549483000673,1.3494681686594385,1.38611482268884
2.3128911138923662,1.3873098742828336,1.3873098742828338,1.3891190001369882,1.3494681686594385,1.388208042069845
2.3329161451814766,1.3880352099174993,1.3880352099174997,1.3901501303271706,1.3494681686594385,1.3903012614508499
2.3529411764705888,1.3882255418742693,1.3882255418742697,1.390639591380007,1.3494681686594385,1.392394480831855
2.372966207759699,1.387878804021979,1.3878788040219792,1.3905844659550581,1.3494681686594385,1.393465166789074
2.3929912390488113,1.3869932910703588,1.386993291070359,1.3899822067922853,1.349312951352307,1.393072385489331
2.4130162703379234,1.3855676615150672,1.3855676615150676,1.388830641779006,1.3486779551012358,1.3898082663640956
2.433041301627034,1.3836009403905012,1.3836009403905014,1.387127978848893,1.3483590723286283,1.3863040584460262
2.453066332916146,1.381092521828391,1.3810925218283914,1.3848728107077057,1.3483590723286283,1.3827998505279566
2.4730913642052563,1.3780421714202908,1.378042171420291,1.3820641193804026,1.3483590723286283,1.3792956426098875
2.4931163954943685,1.374450028382157,1.3744500283821575,1.378701280574217,1.3483590723286283,1.3757914346918174
2.513141426783479,1.370316607519328,1.3703166075193285,1.3747840678522647,1.3478542537824045,1.3722872267737483
2.533166458072591,1.3656428009902961,1.3656428009902966,1.370312656612172,1.3441834190900712,1.3670914014769326
2.553191489361703,1.3604298798677839,1.3604298798677843,1.3652876278641963,1.3436347565695848,1.3607371487150128
2.5732165206508135,1.354679495495723,1.3546794954957235,1.3597099718032704,1.3436347565695848,1.3543828959530935
2.5932415519399257,1.3483936806408432,1.3483936806408434,1.3535810911693116,1.3436347565695848,1.3480286431911739
2.613266583229036,1.3415748504376896,1.34157485043769,1.346902804390163,1.3427700872243642,1.3416743904292543
2.633291614518148,1.334225803125971,1.3342258031259715,1.3396773485014255,1.3411926680721493,1.3353201376673345
2.6533166458072586,1.3263497205792751,1.3263497205792754,1.331907381837429,1.3411926680721493,1.3289658849054156
2.6733416770963707,1.3179501686242583,1.3179501686242583,1.3235959864875437,1.3374753444056182,1.3226116321434958
2.693366708385483,1.3090310971495631,1.3090310971495633,1.3147466705119704,1.3301830875652865,1.3159993992396621
2.7133917396745932,1.2995968400037845,1.2995968400037847,1.305363369911139,1.3060690123244794,1.3044421626866296
2.7334167709637054,1.2896521146819393,1.2896521146819393,1.2954504503427509,1.2868747206614513,1.2928849261335964
2.7534418022528158,1.2792020217999993,1.2792020217999998,1.2850127085805076,1.2855170946251928,1.281327689580564
2.773466833541928,1.2682520443571368,1.268252044357137,1.274055373708474,1.2592569230116684,1.2697704530275309
2.7934918648310383,1.2568080467854703,1.2568080467854705,1.2625841080450435,1.2577535771388313,1.2572732434027885
2.8135168961201504,1.244876273787173,1.2448762737871732,1.2506050077903401,1.2473056052439344,1.2446948734264325
2.8335419274092626,1.2324633489589543,1.2324633489589545,1.2381246033909463,1.2354656320914115,1.232116503450076
2.853566958698373,1.2195762732039954,1.2195762732039954,1.2251498596157155,1.2242970889584528,1.2195381334737216
2.873591989987485,1.2062224229315515,1.2062224229315517,1.2116881753364468,1.2226333032270162,1.206959763497366
2.8936170212765955,1.1924095480445553,1.1924095480445556,1.1977473830071101,1.2226333032270162,1.194381393521011
2.9136420525657076,1.1781457697156181,1.1781457697156181,1.1833357478352968,1.2226333032270162,1.1801672554450229
2.933667083854818,1.1634395779520028,1.163439577952003,1.168461966639512,1.217605532684869,1.165017305982954
2.95369211514393,1.1482998289501785,1.1482998289501785,1.1531351663858658,1.2097674284399915,1.149867356520884
2.9737171464330423,1.1327357422407494,1.1327357422407496,1.1373649023977301,1.121294877060957,1.1346534976786136
2.9937421777221527,1.1167568976245943,1.1167568976245945,1.121161156231801,1.1146223794770056,1.1158978447449774
3.013767209011265,1.1003732319012034,1.1003732319012034,1.104534333214033,1.0699398690212447,1.0963622528182448
3.033792240300375,1.083595035390307,1.0835950353903072,1.0874952596288472,1.0665171660257056,1.0768266608915142
3.0538172715894873,1.0664329482479589,1.0664329482479589,1.0700551795549416,1.0480066642894525,1.0572910689647812
3.0738423028785977,1.048897956578412,1.048897956578412,1.0522257513410305,1.0390244049475958,1.0377531490048937
3.09386733416771,1.0310013883431521,1.0310013883431521,1.0340190437147525,1.03480944094648,1.018209730880914
3.113892365456822,1.012754909068647,1.012754909068647,1.0154475315180091,0.9948223373356015,0.9986663127569345
3.1339173967459324,0.9941705173543949,0.9941705173543949,0.9965240910618509,0.9948223373356015,0.9790767054580626
3.1539424280350445,0.9752605401830152,0.9752605401830152,0.9772619950940752,0.9712088285693383,0.9591643663202044
3.173967459324155,0.9560376280342278,0.9560376280342278,0.9576749073726278,0.9581068503070143,0.9392520271823482
3.193992490613267,0.9365147498046176,0.9365147498046176,0.9377768768378102,0.9198771680218543,0.9193396880444892
3.2140175219023774,0.9167051875352767,0.9167051875352767,0.9175823313763336,0.8962748110704135,0.8994273489066328
3.2340425531914896,0.896622530949412,0.896622530949412,0.8971060711701283,0.8778049238346959,0.8795150097687746
3.2540675844806017,0.8762806718022155,0.8762806718022154,0.8763632616228618,0.8601619972970644,0.8596026706309166
3.274092615769712,0.8556937980453018,0.8556937980453017,0.8553694258569752,0.8601619972970644,0.8396903314930596
3.2941176470588243,0.8348763878081789,0.8348763878081786,0.8341404367740999,0.8366707298403477,0.8197779923552014
3.3141426783479346,0.8138432031993081,0.8138432031993079,0.8126925086716109,0.8106979057840519,0.799865653217345
3.334167709637047,0.7926092839293586,0.7926092839293584,0.7910421884080289,0.8062061136871389,0.7799533140794862
3.354192740926157,0.7711899407594525,0.7711899407594522,0.7692063461100079,0.8062061136871389,0.7600409749416299
3.3742177722152693,0.7496007487771728,0.7496007487771725,0.7472021654134628,0.8038403263574304,0.7401286358037715
3.3942428035043815,0.7278575405033281,0.727857540503328,0.7250471332315361,0.8005409220343224,0.7202162966659134
3.414267834793492,0.705976398832449,0.7059763988324488,0.7027590290418599,0.7790948511174461,0.7003039575280566
3.434292866082604,0.6839736498101479,0.6839736498101476,0.6803559136856845,0.6354334456716987,0.6803916183901982
3.4543178973717144,0.6618658552505746,0.6618658552505744,0.6578561176713096,0.5874823321292982,0.6604792792523418
3.4743429286608265,0.6396698051972078,0.6396698051972076,0.6352782289742314,0.5675076793803379,0.6405669401144832
3.494367959949937,0.6174025102304306,0.6174025102304304,0.6126410803263995,0.5675076793803379,0.6206546009766268
3.514392991239049,0.5950811936252948,0.5950811936252944,0.5899637359868773,0.5675076793803379,0.6007422618387687
3.534418022528161,0.5727232833630891,0.5727232833630888,0.5672654779862543,0.5675076793803379,0.5808299227009104
3.5544430538172715,0.5503464040003024,0.5503464040003021,0.5445657918369615,0.5518976681466512,0.5609175835630535
3.5744680851063837,0.5279683683987143,0.527968368398714,0.5218843517017597,0.5426104990117915,0.5410052444251952
3.594493116395494,0.505607169320437,0.5056071693204367,0.4992410050125241,0.5328602205410935,0.5210929052873389
3.614518147684606,0.48328097089173117,0.48328097089173083,0.47665575653142156,0.5328602205410935,0.5011805661494807
3.6345431789737166,0.4610080999396141,0.4610080999396138,0.45414875184656917,0.5198226778707135,0.48126822701162364
3.6545682102628287,0.4388070372052194,0.43880703720521896,0.4317402602941572,0.5198226778707135,0.46135588787376547
3.674593241551941,0.41669640843807276,0.4166964084380723,0.4094506572990479,0.5161167326029312,0.4414435487359072
3.6946182728410513,0.39469497537540477,0.3946949753754043,0.3873004061257397,0.5161167326029312,0.4215312095980501
3.7146433041301634,0.37282162661075735,0.3728216266107569,0.36531003903162224,0.5121871939394537,0.40161887046019223
3.734668335419274,0.3510953683562128,0.35109536835621236,0.3435001378143322,0.49313147927751716,0.38170653132233556
3.754693366708386,0.3295353151025686,0.32953531510256817,0.3218913137449947,0.44856032638714416,0.3617941921844776
3.7747183979974963,0.3081606801819461,0.30816068018194565,0.30050418687916614,0.2786421101786546,0.3418818530466204
3.7947434292866085,0.28699076623727726,0.2869907662372768,0.2793593647370869,0.2633587917425815,0.3219695139087625
3.8147684605757206,0.26604495560327046,0.26604495560327,0.258477420344997,0.15950318809025155,0.3020571747709041
3.834793491864831,0.24534270060343077,0.24534270060343033,0.23787886962908678,0.1542760353466062,0.28214483563304743
3.854818523153943,0.22490351376780526,0.2249035137678046,0.21758414815363364,0.1342538133239064,0.2622324964951891
3.8748435544430535,0.20474695797620512,0.20474695797620446,0.19761358719493066,0.1342538133239064,0.24232015735733292
3.8948685857321657,0.1848926365316077,0.18489263653160704,0.1779873891423962,0.1342538133239064,0.22240781821947442
3.914893617021276,0.16536018316862777,0.1653601831686271,0.15872560221839505,0.1342538133239064,0.2024954790816174
3.934918648310388,0.1461692520018505,0.14616925200184983,0.1398480945080779,0.11853020854717256,0.1825831399437593
3.9549436795995003,0.12733950741898625,0.1273395074189856,0.12137452729067355,0.11853020854717256,0.1626708008059013
3.9749687108886107,0.10889061392375421,0.10889061392375354,0.1033243276634811,0.11853020854717256,0.142758461668044
3.994993742177723,0.09084222593349178,0.09084222593349112,0.08571666044983006,0.08370684161761385,0.12284612253018613
4.015018773466833,0.07321397753652681,0.07321397753652614,0.06857039938229736,0.06681433763766904,0.1029337833923296
4.035043804755945,0.05602547221432608,0.05602547221432541,0.051904097552216144,0.06681433763766904,0.08878966653371091
4.0550688360450575,0.03929627253355594,0.039296272533555276,0.03573595711675159,0.06681433763766904,0.08077230194247394
4.075093867334168,0.02304588981312672,0.023045889813126053,0.020083798254526664,0.0449397352805561,0.07275493735123782
4.09511889862328,0.0072937737713811845,0.007293773771380518,0.004965027360891994,0.0449397352805561,0.0647375727600008
4.11514392991239,-0.007940697841395394,-0.00794069784139606,-0.00960339552619438,0.023708019967195584,0.05672020816876469
4.135168961201503,-0.022638229619991623,-0.02263822961999229,-0.023604990078737065,0.017054209003608028,0.048702843577527466
4.155193992490613,-0.03677961888556047,-0.03677961888556136,-0.03702378981874033,-0.009091370916409708,0.04068547898629142
4.175219023779725,-0.05034576606601049,-0.05034576606601138,-0.049844377054959366,-0.009091370916409708,0.032668114395054446
4.195244055068837,-0.06331768507021218,-0.06331768507021307,-0.06205191862548054,-0.05690127130962718,0.024650749803817373
4.215269086357948,-0.07567651365081085,-0.07567651365081174,-0.07363220245534452,-0.05690127130962718,0.01663338521258144
4.23529411764706,-0.08740352375036453,-0.08740352375036542,-0.08457167493858331,-0.05690127130962718,0.008616020621344353
4.25531914893617,-0.09848013182554394,-0.09848013182554483,-0.09485747915381293,-0.05690127130962718,0.0005986560301082522
4.275344180225282,-0.10888790914414481,-0.1088879091441457,-0.1044774939229508,-0.06794799176459881,-0.007418708561128917
4.295369211514393,-0.1186085920496105,-0.11860859204961138,-0.11342037372225999,-0.06794799176459881,-0.01543607315236492
4.315394242803505,-0.12762409218783488,-0.12762409218783577,-0.12167558945536305,-0.07091688869596229,-0.023453437743601813
4.335419274092617,-0.13591650669094246,-0.13591650669094335,-0.12923347009754826,-0.07895418237924365,-0.03147080233483909
4.355444305381727,-0.14346812831281364,-0.14346812831281452,-0.1360852452210023,-0.10562638354944795,-0.039488166926074944
4.3754693366708395,-0.15026145551110082,-0.1502614555111017,-0.14222308841054165,-0.10666553448241584,-0.04750553151731207
4.39549436795995,-0.15627920247048,-0.15627920247048088,-0.1476401615794961,-0.11890441503698178,-0.055522896108548166
4.415519399249062,-0.16150430906193813,-0.16150430906193902,-0.1523306601952582,-0.12119108953356497,-0.0635402606997853
4.435544430538172,-0.16591995073286725,-0.16591995073286814,-0.1562898594244878,-0.12311434078685086,-0.0715576252910213
4.4555694618272845,-0.16950954832279796,-0.16950954832279885,-0.1595141612074743,-0.14745752391192246,-0.07957498988225814
4.475594493116397,-0.17225677779957804,-0.17225677779957893,-0.16200114227161555,-0.154252643133156,-0.087592354473495
4.495619524405507,-0.17414557991088442,-0.1741455799108853,-0.1637496030937925,-0.15810525761144834,-0.09560971906473165
4.515644555694619,-0.17516016974593018,-0.17516016974593107,-0.1647596178215972,-0.15810525761144834,-0.10362708365596818
4.53566958698373,-0.17528504620228924,-0.17528504620229013,-0.1650325851632367,-0.15810525761144834,-0.11164444824720442
4.555694618272842,-0.17450500135278402,-0.1745050013527849,-0.1645712802562388,-0.15810525761144834,-0.1196618128384417
4.575719649561952,-0.1728051297074198,-0.17280512970742068,-0.16337990752491527,-0.15810525761144834,-0.12767917742967766
4.595744680851064,-0.17017083736537497,-0.17017083736537586,-0.1614641545365908,-0.15810525761144834,-0.13569654202091452
4.615769712140176,-0.16658785105211082,-0.1665878510521117,-0.1588312468668992,-0.15810525761144834,-0.14371390661215128
4.635794743429287,-0.16204222703670013,-0.16204222703670101,-0.15549000398404156,-0.15810525761144834,-0.15173127120338809
4.655819774718399,-0.15652035992451108,-0.15652035992451196,-0.15145089616250262,-0.14893128432470992,-0.15974863579462467
4.675844806007509,-0.1500089913204472,-0.1500089913204481,-0.14672610243622553,-0.1473893270864972,-0.16776600038586081
4.695869837296621,-0.14249521835797418,-0.14249521835797507,-0.14132956960169418,-0.14299746309398573,-0.1757833649770978
4.715894868585732,-0.13396650208923377,-0.13396650208923466,-0.13527707228125918,-0.13845331767515026,-0.18380072956833382
4.735919899874844,-0.12441067573157705,-0.12441067573157794,-0.12858627405691136,-0.123850892629745,-0.19181809415957096
4.755944931163956,-0.11381595276594014,-0.11381595276594103,-0.12127678968517996,-0.123850892629745,-0.19983545875080777
4.7759699624530665,-0.10217093488250395,-0.10217093488250484,-0.1133702484034883,-0.123850892629745,-0.20785282334204402
4.795994993742179,-0.08946461976917197,-0.08946461976917286,-0.10489035833848404,-0.123850892629745,-0.2158701879332811
4.816020025031289,-0.07568640873845656,-0.07568640873845744,-0.09586297202690786,-0.123850892629745,-0.22388755252451703
4.836045056320401,-0.060826114188402336,-0.060826114188403224,-0.08631615305968288,-0.123850892629745,-0.23190491711575417
4.8560700876095115,-0.04487396689331202,-0.04487396689331291,-0.07628024385977439,-0.123850892629745,-0.23992228170699037
4.876095118898624,-0.027820623120009103,-0.02782062312000999,-0.06578793460455101,-0.123850892629745,-0.24793964629822712
4.896120150187736,-0.009657171565554012,-0.0096571715655549,-0.05487433330340841,-0.123850892629745,-0.2559570108894642
4.916145181476846,0.009624859887681136,0.009624859887680248,-0.04357703704146643,-0.123850892629745,-0.26397437548070063
4.936170212765958,0.030033497603559223,0.030033497603558335,-0.031936204399971246,-0.123850892629745,-0.2719917400719375
4.956195244055069,0.0515763158142275,0.051576315814226614,-0.019994629064641445,-0.123850892629745,-0.28000910466317364
4.976220275344181,0.07426043043654129,0.0742604304365404,-0.007797814632445665,-0.123850892629745,-0.2880264692544103
4.996245306633291,0.09809249308653945,0.09809249308653856,0.00460594937183012,-0.123850892629745,-0.296043833845647
5.016270337922403,0.12307868529569976,0.12307868529569888,0.01716551025858004,-0.123850892629745,-0.30406119843688356
5.0362953692115155,0.1492247129324733,0.14922471293247241,0.02982677370454867,-0.123850892629745,-0.3120785630281206
5.056320400500626,0.17653580083263076,0.17653580083262987,0.04253262404136515,-0.123850892629745,-0.320095927619357
5.076345431789738,0.20501668764179337,0.20501668764179248,0.05522284329016125,-0.123850892629745,-0.3281132922105937
5.0963704630788484,0.23467162087341276,0.23467162087341187,0.06783402893102897,-0.123850892629745,-0.33613065680182996
5.116395494367961,0.26550435218546786,0.265504352185467,0.08029951039630967,-0.123850892629745,-0.3441480213930669
5.136420525657071,0.2975181328789058,0.29751813287890494,0.09254926427620569,-0.123850892629745,-0.35216538598430314
5.156445556946183,0.33071570962091146,0.33071570962091057,0.1045098282255571,-0.123850892629745,-0.36018275057554017
5.176470588235295,0.3650993203958377,0.3650993203958368,0.11610421356028888,-0.123850892629745,-0.3682001151667769
5.196495619524406,0.4006706906866593,0.4006706906866584,0.12725181653229123,-0.123850892629745,-0.37621747975801323
5.216520650813518,0.4374310298896442,0.43743102988964333,0.1378683282711085,-0.123850892629745,-0.3842348443492501
5.236545682102628,0.47538102796478476,0.4753810279647839,0.14786564338112862,-0.123850892629745,-0.39225220894048624
5.25657071339174,0.5145208523245808,0.5145208523245799,0.15715176718249546,-0.123850892629745,-0.40026957353172304
5.276595744680851,0.5548501449634458,0.5548501449634449,0.16563072158437941,-0.123850892629745,-0.40816740320159717
5.296620775969963,0.5963680198301189,0.596368019830118,0.1732024495789245,-0.123850892629745,-0.4158817075666962
5.316645807259075,0.6390730604451509,0.63907306044515,0.1797627183440701,-0.123850892629745,-0.4235960119317951
5.336670838548185,0.6829633177655925,0.6829633177655916,0.18520302094367247,-0.123850892629745,-0.43131031629689376
5.3566958698372975,0.7280363082987975,0.7280363082987966,0.1894104766131951,-0.123850892629745,-0.43902462066199266
5.376720901126408,0.7742890124671296,0.7742890124671287,0.19226772961899508,-0.123850892629745,-0.4467389250270911
5.39674593241552,0.8217178732253694,0.8217178732253685,0.19365284667943194,-0.123850892629745,-0.45445322939219024
5.41677096370463,0.870318794932313,0.8703187949323121,0.19343921293609634,-0.123850892629745,-0.46216753375728814
5.4367959949937426,0.9200871424781449,0.920087142478144,0.19149542646273454,-0.123850892629745,-0.46988183812238704
5.456821026282855,0.9710177406688372,0.9710177406688363,0.18768519130057137,-0.123850892629745,-0.47759614248748666
5.476846057571965,1.0231048738689024,1.0231048738689015,0.18186720900734465,-0.123850892629745,-0.48531044685258473
5.496871088861077,1.076342285903588,1.0763422859035872,0.1738950687083628,-0.123850892629745,-0.4930247512176837
5.516896120150188,1.1307231802214568,1.130723180221456,0.16361713563731806,-0.123850892629745,-0.5007390555827823
5.5369211514393,1.1862402203183515,1.1862402203183506,0.15087643815494667,-0.123850892629745,-0.5084533599478812
5.55694618272841,1.2428855304233388,1.242885530423338,0.13551055323273553,-0.123850892629745,-0.5158186570477615
5.576971214017522,1.300650696447431,1.30065069644743,0.11735149039031378,-0.123850892629745,-0.5231239002263303
5.596996245306634,1.3595267671954236,1.3595267671954228,0.09622557407330257,-0.123850892629745,-0.5304291434048987
5.617021276595745,1.4195042558413684,1.4195042558413677,0.07195332445992031,-0.123850892629745,-0.5377343865834672
5.637046307884857,1.4805731416678791,1.4805731416678785,0.04434933668373853,-0.123850892629745,-0.5450396297620357
5.657071339173967,1.5427228720693476,1.5427228720693469,0.013222158460238886,-0.123850892629745,-0.5523448729406039
5.6770963704630795,1.605942364819213,1.6059423648192124,-0.021625833895454805,-0.123850892629745,-0.5596501161191724
5.69712140175219,1.6702200106009917,1.670220010600991,-0.060398561072068646,-0.123850892629745,-0.56695535929774
5.717146433041302,1.7355436758029974,1.7355436758029967,-0.10330636799943582,-0.123850892629745,-0.5742580786052601
5.737171464330414,1.8019007055761975,1.8019007055761969,-0.15056615273232288,-0.123850892629745,-0.5815546358542913
5.7571964956195245,1.869277927154861,1.8692779271548603,-0.2024014969929825,-0.123850892629745,-0.5888511931033215
5.777221526908637,1.9376616534392903,1.9376616534392896,-0.2590427983857696,-0.123850892629745,-0.5961477503523523
5.797246558197747,2.007037686839847,2.0070376868398467,-0.3207274042961631,-0.123850892629745,-0.6034443076013828
5.817271589486859,2.07739132338152,2.0773913233815193,-0.3876997474871674,-0.123850892629745,-0.6107408648504132
5.83729662077597,2.1487073570678463,2.1487073570678454,-0.4602114834054435,-0.123850892629745,-0.6180374220994439
5.857321652065082,2.2209700845032487,2.2209700845032483,-0.5385216292110458,-0.123850892629745,-0.6253339793484743
5.877346683354194,2.2941633097723297,2.2941633097723293,-0.6228967045424613,-0.123850892629745,-0.6326305365975052
5.897371714643304,2.3682703495748916,2.3682703495748907,-0.7136108740307693,-0.123850892629745,-0.6399270938465357
5.917396745932416,2.4432740386151135,2.4432740386151135,-0.8109460915757852,-0.123850892629745,-0.6472236510955665
5.937421777221527,2.5191567352431687,2.5191567352431683,-0.9151922463969259,-0.123850892629745,-0.6541590552641293
5.957446808510639,2.595900327347688,2.5959003273476875,-1.0266473108721414,-0.123850892629745,-0.6610478178456042
5.977471839799749,2.6734862384969786,2.673486238496978,-1.1456174901780032,-0.123850892629745,-0.6679365804270775
5.997496871088861,2.751895434327187,2.7518954343271864,-1.2724173737441107,-0.123850892629745,-0.6748253430085517
6.017521902377974,2.831108429175079,2.831108429175079,-1.4073700885351657,-0.123850892629745,-0.6817141055900258
6.037546933667084,2.911105292953332,2.911105292953332,-1.5508074541736847,-0.123850892629745,-0.6886028681714994
6.057571964956196,2.991865658265895,2.991865658265895,-1.703070139917179,-0.123850892629745,-0.6954916307529736
6.0775969962453065,3.073368727760852,3.0733687277608515,-1.8645078235022994,-0.123850892629745,-0.7023803933344474
6.097622027534419,3.15559328171833,3.15559328171833,-2.0354793518705976,-0.123850892629745,-0.7092691559159211
6.117647058823529,3.238517685870505,3.238517685870505,-2.2163529037881404,-0.123850892629745,-0.7161579184973949
6.137672090112641,3.3221198994510597,3.3221198994510592,-2.407506154373229,-0.123850892629745,-0.7230466810788695
6.157697121401753,3.4063774834709046,3.406377483470904,-2.609326441545241,-0.123850892629745,-0.7299354436603435
6.177722152690864,3.491267609217249,3.491267609217249,-2.8222109344090627,-0.123850892629745,-0.7368242062418165
6.197747183979976,3.576767066972733,3.576767066972733,-3.0465668035874303,-0.123850892629745,-0.7437129688232912
6.217772215269086,3.6628522749512356,3.6628522749512356,-3.2828113935159764,-0.123850892629745,-0.7506017314047644
6.237797246558198,3.7494992884471015,3.7494992884471015,-3.5313723967142097,-0.123850892629745,-0.7574904939862391
6.257822277847309,3.8366838091940174,3.8366838091940174,-3.7926880300462984,-0.123850892629745,-0.7643792565677122
6.277847309136421,3.9243811949301124,3.9243811949301124,-4.067207212985216,-0.123850892629745,-0.7712680191491864
6.297872340425533,4.012566469165295,4.012566469165295,-4.355389747894612,-0.123850892629745,-0.7781567817306603
6.317897371714643,4.101214331147137,4.101214331147137,-4.6577065023418305,-0.123850892629745,-0.7850455443121342
6.3379224030037555,4.1902991660212585,4.1902991660212585,-4.9746395934562235,-0.123850892629745,-0.7919343068936087
6.357947434292866,4.279795055182052,4.279795055182053,-5.30668257434663,-0.123850892629745,-0.7988230694750821
6.377972465581978,4.36967578680976,4.36967578680976,-5.654340622592392,-0.123850892629745,-0.8057118320565563
6.397997496871088,4.459914866589375,4.459914866589375,-6.01813073082129,-0.123850892629745,-0.8126005946380299
6.418022528160201,4.550485528607242,4.550485528607242,-6.398581899389405,-0.123850892629745,-0.8194893572195042
6.438047559449313,4.641360746420633,4.641360746420633,-6.7962353311763115,-0.123850892629745,-0.8263781198009784
6.458072590738423,4.732513244295913,4.732513244295913,-7.211644628509993,-0.123850892629745,-0.833266882382452
6.478097622027535,4.8239155086105745,4.8239155086105745,-7.645375992236416,-0.123850892629745,-0.840155644963926
6.498122653316646,4.915539799414255,4.915539799414255,-8.09800842294664,-0.123850892629745,-0.8470444075453992
6.518147684605758,5.00735816214415,5.0073581621441505,-8.570133924377577,-0.123850892629745,-0.8539331701268736
6.538172715894868,5.09934243948959,5.0993424394895905,-9.062357708998794,-0.123850892629745,-0.8608219327083471
6.55819774718398,5.191464283401041,5.191464283401041,-9.575298405802036,-0.123850892629745,-0.867710695289821
6.5782227784730924,5.283695167238165,5.283695167238165,-10.109588270305684,-0.123850892629745,-0.8745994578712951
6.598247809762203,5.376006398051971,5.376006398051972,-10.665873396790166,-0.123850892629745,-0.8814882204527691
6.618272841051315,5.468369128995705,5.468369128995706,-11.24481393277903,-0.123850892629745,-0.8883769830342433
6.638297872340425,5.560754371859041,5.560754371859041,-11.847084295778549,-0.123850892629745,-0.895265745615717
6.6583229036295375,5.653133009720402,5.653133009720402,-12.473373392292464,-0.123850892629745,-0.902154508197191
6.678347934918648,5.745475809711636,5.745475809711637,-13.124384839125659,-0.123850892629745,-0.909043270778665
6.69837296620776,5.837753435889769,5.83775343588977,-13.800837186991393,-0.123850892629745,-0.915932033360139
6.718397997496872,5.92993646220996,5.929936462209961,-14.50346414643723,-0.123850892629745,-0.9228207959416131
6.7384230287859825,6.021995385594169,6.0219953855941695,-15.233014816104335,-0.123850892629745,-0.9297095585230865
6.758448060075095,6.113900639089712,6.113900639089712,-15.9902539133352,-0.123850892629745,-0.9365983211045611
6.778473091364205,6.2056226051118095,6.20562260511181,-16.775962007144237,-0.123850892629745,-0.9434865780573188
6.798498122653317,6.297131628764472,6.297131628764472,-17.59093575356649,-0.123850892629745,-0.9503716307425746
6.818523153942428,6.388398031233533,6.388398031233534,-18.435988133400052,-0.123850892629745,-0.9572566834278303
6.83854818523154,6.479392123246146,6.479392123246148,-19.311948692356104,-0.123850892629745,-0.9641417361130863
6.858573216520652,6.570084218590443,6.570084218590445,-20.219663783632306,-0.123850892629745,-0.9710267887983426
6.878598247809762,6.660444647689494,6.660444647689495,-21.159996812924724,-0.123850892629745,-0.9779118414835983
6.898623279098874,6.750443771223399,6.7504437712234,-22.133828485893922,-0.123850892629745,-0.9847968941688537
6.918648310387985,6.840051993793242,6.840051993793243,-23.142057058098708,-0.123850892629745,-0.9916819468541097
6.938673341677097,6.929239777620938,6.929239777620939,-24.185598587415107,-0.123850892629745,-0.9985669995393653
6.958698372966207,7.017977656278495,7.017977656278495,-25.265387188954115,-0.123850892629745,-1.0053139092462655
6.9787234042553195,7.10623624844067,7.10623624844067,-26.38237529249485,-0.123850892629745,-1.0118488122937384
6.998748435544432,7.193986271654502,7.193986271654504,-27.537533902446846,-0.123850892629745,-1.0183837153412119
7.018773466833542,7.281198556119596,7.281198556119598,-28.731852860359133,-0.123850892629745,-1.024918618388684
7.038798498122654,7.367844058472709,7.367844058472711,-29.966341109990445,-0.123850892629745,-1.0314535214361569
7.0588235294117645,7.4538938755702455,7.453893875570246,-31.242026964954782,-0.123850892629745,-1.0379884244836293
7.078848560700877,7.539319258262424,7.5393192582624255,-32.55995837896102,-0.123850892629745,-1.044523327531102
7.098873591989987,7.624091625152516,7.624091625152518,-33.92120321865877,-0.123850892629745,-1.0510582305785745
7.118898623279099,7.708182576334954,7.708182576334956,-35.326849539109524,-0.123850892629745,-1.0575931336260476
7.138923654568211,7.791563907105685,7.791563907105687,-36.778005861895586,-0.123850892629745,-1.0641280366735202
7.158948685857322,7.874207621638503,7.874207621638504,-38.27580145588475,-0.123850892629745,-1.0706629397209926
7.178973717146434,7.956085946620874,7.956085946620875,-39.821386620666054,-0.123850892629745,-1.0771978427684654
7.198998748435544,8.037171344842715,8.037171344842717,-41.415932972671804,-0.123850892629745,-1.083732745815938
7.219023779724656,8.117436528731927,8.117436528731929,-43.06063373400226,-0.123850892629745,-1.0902676488634109
7.239048811013767,8.19685447382997,8.19685447382997,-44.75670402396903,-0.123850892629745,-1.096802551910883
7.259073842302879,8.275398432201335,8.275398432201335,-46.50538115337351,-0.123850892629745,-1.1033374549583566
7.279098873591991,8.35304194577028,8.353041945770281,-48.30792492153446,-0.123850892629745,-1.1098723580058292
7.299123904881101,8.429758859578577,8.429758859578579,-50.165617916083555,-0.123850892629745,-1.1164072610533011
7.319148936170214,8.505523334957868,8.505523334957868,-52.07976581554376,-0.123850892629745,-1.1229421641007744
7.339173967459324,8.580309862610152,8.580309862610154,-54.05169769470492,-0.123850892629745,-1.1294770671482464
7.359198998748436,8.65409327559031,8.65409327559031,-56.08276633281698,-0.123850892629745,-1.1360119701957199
7.379224030037548,8.72684876218406,8.726848762184062,-58.17434852461238,-0.123850892629745,-1.1425468732431927
7.399249061326659,8.798551878675328,8.79855187867533,-60.327845394177324,-0.123850892629745,-1.1490817762906647
7.419274092615771,8.869178561996627,8.869178561996629,-62.54468271168664,-0.123850892629745,-1.155616679338138
7.439299123904881,8.938705142256246,8.938705142256248,-64.82631121301962,-0.123850892629745,-1.1621515823856103
7.459324155193993,9.007108355136166,9.007108355136168,-67.17420692227206,-0.123850892629745,-1.1686864854330832
7.479349186483104,9.074365354154414,9.074365354154416,-69.58987147718103,-0.123850892629745,-1.1752213884805551
7.499374217772216,9.140453722785935,9.140453722785937,-72.07483245748121,-0.123850892629745,-1.1817562915280282
7.519399249061328,9.205351486435761,9.205351486435763,-74.63064371620625,-0.123850892629745,-1.1882911945755013
7.539424280350438,9.269037124258627,9.26903712425863,-77.25888571395303,-0.123850892629745,-1.194826097622974
7.5594493116395505,9.331489580819008,9.33148958081901,-79.96116585612715,-0.123850892629745,-1.2013610006704465
7.579474342928661,9.392688277585666,9.39268827758567,-82.73911883318233,-0.123850892629745,-1.2078959037179187
7.599499374217773,9.452613124254992,9.452613124254992,-85.59440696387533,-0.123850892629745,-1.2144308067653917
7.619524405506883,9.511244529897183,9.511244529897183,-88.52872054154825,-0.123850892629745,-1.2209657098128637
7.6395494367959955,9.568563413919769,9.568563413919772,-91.54377818346059,-0.123850892629745,-1.227500612860337
7.659574468085108,9.624551216842637,9.624551216842638,-94.6413271831815,-0.123850892629745,-1.2340355159078094
7.679599499374218,9.679189910879114,9.679189910879115,-97.82314386606465,-0.123850892629745,-1.2405704189552822
7.69962453066333,9.73246201031759,9.73246201031759,-101.0910339478216,-0.123850892629745,-1.247105322002755
7.719649561952441,9.78435058169816,9.784350581698163,-104.44683289620475,-0.123850892629745,-1.2536402250502274
7.739674593241553,9.834839253779096,9.834839253779098,-107.8924062958289,-0.123850892629745,-1.2601751280977003
7.759699624530663,9.883912227287698,9.8839122272877,-111.42965021613493,-0.123850892629745,-1.2667100311451727
7.779724655819775,9.931554284450508,9.93155428445051,-115.06049158252337,-0.123850892629745,-1.2732449341926457
7.799749687108887,9.977750798297631,9.977750798297633,-118.78688855066822,-0.123850892629745,-1.2797798372401188
7.819774718397998,10.022487741736274,10.022487741736278,-122.61083088403298,-0.123850892629745,-1.286314740287591
7.83979974968711,10.06575169638852,10.06575169638852,-126.53434033460412,-0.123850892629745,-1.2928496433350638
7.85982478097622,10.10752986118845,10.107529861188452,-130.5594710268563,-0.123850892629745,-1.2993845463825364
7.879849812265332,10.147810060734027,10.14781006073403,-134.6883098449742,-0.123850892629745,-1.3059194494300095
7.899874843554443,10.186580753388927,10.186580753388931,-138.92297682333938,-0.123850892629745,-1.3124543524774808
7.919899874843555,10.223831039129925,10.223831039129927,-143.26562554030838,-0.123850892629745,-1.3189892555249545
7.939924906132667,10.259550667135274,10.259550667135276,-147.71844351529123,-0.123850892629745,-1.3255241585724273
7.9599499374217775,10.29373004310986,10.293730043109862,-152.28365260915493,-0.123850892629745,-1.3320590616198997
7.97997496871089,10.32636023634282,10.326360236342822,-156.96350942796604,-0.123850892629745,-1.338593964667372
8.0,10.357432986493528,10.35743298649353,-161.76030573008867,-0.123850892629745,-1.3451288677148445
