seed,d,op_set,n_ops,eff_ops,noise,truth,y_test_var,method,mse_test,nmse_test,recovered,model,complexity,config,time_s
20280712,2,trig,2,2,0.0,((x1 * x0) - -2.53),730.2600139308186,SR (ours),4.391120273202898e-31,6.013091487190331e-34,True,2.53 + 1*x0*x1,1.0,k_ex=4+dedup,0.007960796356201172
20280712,2,trig,2,2,0.0,((x1 * x0) - -2.53),730.2600139308186,polynomial,5.934956192134433e-10,8.127182207591997e-13,False,"{'degree': 2, 'alpha': 0.0001}",,,0.24655604362487793
20280712,2,trig,2,2,0.0,((x1 * x0) - -2.53),730.2600139308186,random_forest,391.30337442139637,0.5358411619925648,False,{'max_depth': None},,,8.912811040878296
20280712,2,trig,2,2,0.0,((x1 * x0) - -2.53),730.2600139308186,mlp,33.78154267697029,0.04625960895097098,False,"{'hidden': (256,), 'alpha': 0.0001}",,,514.2470428943634
20280713,2,trig,2,2,0.0,(-2.78 + (x0 * x1)),740.1450993755658,SR (ours),4.100189295803762e-29,5.539710118006518e-32,True,-2.78 + 1*x0*x1,1.0,k_ex=4+dedup,0.008156061172485352
20280713,2,trig,2,2,0.0,(-2.78 + (x0 * x1)),740.1450993755658,polynomial,5.328769863221455e-10,7.199628650810698e-13,False,"{'degree': 2, 'alpha': 0.0001}",,,0.26866602897644043
20280713,2,trig,2,2,0.0,(-2.78 + (x0 * x1)),740.1450993755658,random_forest,424.2795343448595,0.57323832138159,False,{'max_depth': None},,,9.14895224571228
20280713,2,trig,2,2,0.0,(-2.78 + (x0 * x1)),740.1450993755658,mlp,26.720039435071335,0.036101082689886196,False,"{'hidden': (256,), 'alpha': 0.0001}",,,517.027400970459
20280714,2,trig,2,2,0.0,cos((x0 - x1)),0.4938253029369628,SR (ours),2.5907907981750694e-32,5.246371100805635e-32,True,1*cos((x0 - x1)),2.0,k_ex=4+dedup,0.05444478988647461
20280714,2,trig,2,2,0.0,cos((x0 - x1)),0.4938253029369628,polynomial,0.5058097512939042,1.02426859921042,False,"{'degree': 1, 'alpha': 1.0}",,,0.25446081161499023
20280714,2,trig,2,2,0.0,cos((x0 - x1)),0.4938253029369628,random_forest,0.703084670236235,1.4237518127457804,False,{'max_depth': None},,,9.792027235031128
20280714,2,trig,2,2,0.0,cos((x0 - x1)),0.4938253029369628,mlp,1.6446104828812964,3.3303487551168116,False,"{'hidden': (64, 64), 'alpha': 0.01}",,,174.42017602920532
20280715,2,trig,2,2,0.0,cos((x0 + x1)),0.5361310519986126,SR (ours),2.81880283330361e-32,5.257675008368859e-32,True,1*cos((x0 + x1)),2.0,k_ex=4+dedup,0.044844865798950195
20280715,2,trig,2,2,0.0,cos((x0 + x1)),0.5361310519986126,polynomial,0.6120246054872511,1.1415578396470776,False,"{'degree': 1, 'alpha': 1.0}",,,0.25267720222473145
20280715,2,trig,2,2,0.0,cos((x0 + x1)),0.5361310519986126,random_forest,0.8252823063383645,1.5393294293659012,False,{'max_depth': None},,,9.61861515045166
20280715,2,trig,2,2,0.0,cos((x0 + x1)),0.5361310519986126,mlp,2.3310481498124833,4.347907365415043,False,"{'hidden': (64, 64), 'alpha': 0.01}",,,168.26205611228943
20280716,2,trig,2,2,0.0,(x1 - sin(x0)),29.80628261937488,SR (ours),1.6746592812210018e-30,5.618477495521124e-32,True,-1*sin(x0) + 1*x1,2.0,k_ex=4+dedup,0.013705968856811523
20280716,2,trig,2,2,0.0,(x1 - sin(x0)),29.80628261937488,polynomial,136.14731886110144,4.567738976366078,False,"{'degree': 7, 'alpha': 0.0001}",,,0.26595091819763184
20280716,2,trig,2,2,0.0,(x1 - sin(x0)),29.80628261937488,random_forest,2.6542067885982012,0.08904856813217278,False,{'max_depth': None},,,9.36131477355957
20280716,2,trig,2,2,0.0,(x1 - sin(x0)),29.80628261937488,mlp,4.908052619305682,0.1646650366294023,False,"{'hidden': (256,), 'alpha': 0.01}",,,127.16117405891418
20280717,2,trig,2,2,0.0,(x0 * (x1 - x0)),1040.1616286611354,SR (ours),9.343633477013877e-29,8.98286691179016e-32,True,-1*x0^2 + 1*x0*x1,2.0,k_ex=4+dedup,0.007544994354248047
20280717,2,trig,2,2,0.0,(x0 * (x1 - x0)),1040.1616286611354,polynomial,7.81498708445669e-10,7.513243008700392e-13,False,"{'degree': 2, 'alpha': 0.0001}",,,0.2453136444091797
20280717,2,trig,2,2,0.0,(x0 * (x1 - x0)),1040.1616286611354,random_forest,517.1023765265127,0.497136562509147,False,{'max_depth': None},,,9.59499192237854
20280717,2,trig,2,2,0.0,(x0 * (x1 - x0)),1040.1616286611354,mlp,59.2712631849606,0.05698274340426572,False,"{'hidden': (256,), 'alpha': 0.0001}",,,570.1748678684235
20280718,2,trig,2,2,0.0,sin((x1 * x0)),0.47574808998827367,SR (ours),9.709959789857946e-32,2.040987655903627e-31,True,1*sin((x0 * x1)),2.0,k_ex=4+dedup,0.15856409072875977
20280718,2,trig,2,2,0.0,sin((x1 * x0)),0.47574808998827367,polynomial,0.5305924236868129,1.1152801973411834,False,"{'degree': 1, 'alpha': 1.0}",,,0.8576998710632324
20280718,2,trig,2,2,0.0,sin((x1 * x0)),0.47574808998827367,random_forest,0.5860248087399407,1.2317964508367971,False,{'max_depth': 4},,,10.36486291885376
20280718,2,trig,2,2,0.0,sin((x1 * x0)),0.47574808998827367,mlp,3.858338653153561,8.110045493295962,False,"{'hidden': (64, 64), 'alpha': 0.0001}",,,473.1711039543152
20280719,2,trig,2,2,0.0,(cos(x1) + x0),31.40343877160797,SR (ours),0.0,0.0,True,1*cos(x1) + 1*x0,2.0,k_ex=4+dedup,0.056700706481933594
20280719,2,trig,2,2,0.0,(cos(x1) + x0),31.40343877160797,polynomial,173.45230508587605,5.523353870490619,False,"{'degree': 6, 'alpha': 0.0001}",,,0.9549000263214111
20280719,2,trig,2,2,0.0,(cos(x1) + x0),31.40343877160797,random_forest,3.1951543322380593,0.10174536475052588,False,{'max_depth': None},,,10.708567142486572
20280719,2,trig,2,2,0.0,(cos(x1) + x0),31.40343877160797,mlp,0.7714602515587414,0.024566107462607664,False,"{'hidden': (256,), 'alpha': 0.0001}",,,476.5868299007416
20280720,2,trig,2,3,0.0,((x1 + x0) * 1.47),124.69582499336366,SR (ours),5.2007654231792166e-30,4.1707614697252314e-32,True,0.735*x0 + 0.735*x0 + 1.47*x1,2.0,k_ex=4+dedup,0.02826690673828125
20280720,2,trig,2,3,0.0,((x1 + x0) * 1.47),124.69582499336366,polynomial,9.044641598878902e-11,7.253363614507751e-13,False,"{'degree': 1, 'alpha': 0.0001}",,,1.3603439331054688
20280720,2,trig,2,3,0.0,((x1 + x0) * 1.47),124.69582499336366,random_forest,17.67796344917924,0.14176868752518432,False,{'max_depth': None},,,58.25565004348755
20280720,2,trig,2,3,0.0,((x1 + x0) * 1.47),124.69582499336366,mlp,0.20074160664375112,0.0016098502628651332,False,"{'hidden': (256,), 'alpha': 0.0001}",,,314.43084383010864
20280721,2,trig,2,2,0.0,cos((x1 - x0)),0.5279456076292774,SR (ours),2.904502322418706e-32,5.501518111801856e-32,True,1*cos((x0 - x1)),2.0,k_ex=4+dedup,0.95418381690979
20280721,2,trig,2,2,0.0,cos((x1 - x0)),0.5279456076292774,polynomial,0.5806395271341427,1.0998093719189852,False,"{'degree': 1, 'alpha': 1.0}",,,4.683659791946411
20280721,2,trig,2,2,0.0,cos((x1 - x0)),0.5279456076292774,random_forest,0.8440184041194382,1.5986843946092768,False,{'max_depth': None},,,192.60306787490845
20280721,2,trig,2,2,0.0,cos((x1 - x0)),0.5279456076292774,mlp,0.8919331608973831,1.6894413894313467,False,"{'hidden': (64, 64), 'alpha': 0.01}",,,147.99188780784607
20280722,2,trig,2,2,0.0,(x1 + (x0 + x1)),140.48584829802633,SR (ours),3.7456641116409595e-29,2.666221656500886e-31,True,0.5*x0 + 0.5*x0 + 2*x1,2.0,k_ex=4+dedup,0.04140806198120117
20280722,2,trig,2,2,0.0,(x1 + (x0 + x1)),140.48584829802633,polynomial,1.4866731205384748e-10,1.0582369246079862e-12,False,"{'degree': 1, 'alpha': 0.0001}",,,4.966078996658325
20280722,2,trig,2,2,0.0,(x1 + (x0 + x1)),140.48584829802633,random_forest,20.30441338212112,0.144529955352139,False,{'max_depth': 8},,,230.81532406806946
20280722,2,trig,2,2,0.0,(x1 + (x0 + x1)),140.48584829802633,mlp,0.6017355513260576,0.004283246737063062,False,"{'hidden': (64, 64), 'alpha': 0.0001}",,,96.2581079006195
20280723,2,trig,2,3,0.0,((x1 - x0) * -0.9),45.693802412804146,SR (ours),4.379695596587482e-30,9.584878835472489e-32,True,0.45*x0 + 0.45*x0 + -0.9*x1,2.0,k_ex=4+dedup,0.02792215347290039
20280723,2,trig,2,3,0.0,((x1 - x0) * -0.9),45.693802412804146,polynomial,2.4828589780905e-11,5.433688699530864e-13,False,"{'degree': 1, 'alpha': 0.0001}",,,1.1771278381347656
20280723,2,trig,2,3,0.0,((x1 - x0) * -0.9),45.693802412804146,random_forest,6.193680517946139,0.13554749639768585,False,{'max_depth': None},,,12.855289220809937
20280723,2,trig,2,3,0.0,((x1 - x0) * -0.9),45.693802412804146,mlp,0.17236656091704605,0.0037722087420053742,False,"{'hidden': (64, 64), 'alpha': 0.01}",,,18.292129039764404
20280724,2,trig,2,0,0.0,((x0 - x1) + x1),28.25950987595064,SR (ours),6.070715502222776e-30,2.1482026860589916e-31,True,0.5*x0 + 0.5*x0,1.0,k_ex=4+dedup,0.0316770076751709
20280724,2,trig,2,0,0.0,((x0 - x1) + x1),28.25950987595064,polynomial,1.739612779759136e-11,6.155849083708201e-13,False,"{'degree': 1, 'alpha': 0.0001}",,,0.9997169971466064
20280724,2,trig,2,0,0.0,((x0 - x1) + x1),28.25950987595064,random_forest,2.139240823772928,0.0756998558419253,False,{'max_depth': None},,,13.473291158676147
20280724,2,trig,2,0,0.0,((x0 - x1) + x1),28.25950987595064,mlp,0.10774116365460042,0.0038125630673548983,False,"{'hidden': (64, 64), 'alpha': 0.01}",,,64.67993378639221
20280725,2,trig,2,2,0.0,((x1 + x1) + x0),157.58092429804074,SR (ours),7.687349373021652e-30,4.878350223712472e-32,True,0.5*x0 + 0.5*x0 + 2*x1,2.0,k_ex=4+dedup,0.02563619613647461
20280725,2,trig,2,2,0.0,((x1 + x1) + x0),157.58092429804074,polynomial,1.209833531786371e-10,7.677537983583291e-13,False,"{'degree': 1, 'alpha': 0.0001}",,,0.7247998714447021
20280725,2,trig,2,2,0.0,((x1 + x1) + x0),157.58092429804074,random_forest,22.57927098599696,0.14328682920587296,False,{'max_depth': 8},,,12.46142315864563
20280725,2,trig,2,2,0.0,((x1 + x1) + x0),157.58092429804074,mlp,0.4708472022637786,0.0029879708115764163,False,"{'hidden': (256,), 'alpha': 0.0001}",,,184.10037112236023
20280726,2,trig,2,2,0.0,((x0 + x1))^2,3272.036737761,SR (ours),6.591847653161416e-28,2.014600746100457e-31,True,1*x0^2 + 1*x1^2 + 2*x0*x1,3.0,k_ex=4+dedup,0.010469198226928711
20280726,2,trig,2,2,0.0,((x0 + x1))^2,3272.036737761,polynomial,1.1454985683594298e-08,3.5008731874547208e-12,False,"{'degree': 2, 'alpha': 0.0001}",,,0.6048409938812256
20280726,2,trig,2,2,0.0,((x0 + x1))^2,3272.036737761,random_forest,2810.6033121952414,0.858976697834539,False,{'max_depth': None},,,40.25744390487671
20280726,2,trig,2,2,0.0,((x0 + x1))^2,3272.036737761,mlp,499.0291900355521,0.15251332122176275,False,"{'hidden': (64, 64), 'alpha': 0.0001}",,,654.8963708877563
20280727,2,trig,4,2,0.0,cos(sin(((x0 + x1) - x0))),0.023920699810433814,SR (ours),0.0,0.0,True,1*cos(sin(x1)),2.0,k_ex=4+dedup,0.16088461875915527
20280727,2,trig,4,2,0.0,cos(sin(((x0 + x1) - x0))),0.023920699810433814,polynomial,0.025376755478998005,1.0608701116649222,False,"{'degree': 1, 'alpha': 1.0}",,,0.6325380802154541
20280727,2,trig,4,2,0.0,cos(sin(((x0 + x1) - x0))),0.023920699810433814,random_forest,0.039585310316106515,1.6548558624877712,False,{'max_depth': 8},,,47.5484299659729
20280727,2,trig,4,2,0.0,cos(sin(((x0 + x1) - x0))),0.023920699810433814,mlp,0.3399250773333642,14.210498857775661,False,"{'hidden': (256,), 'alpha': 0.01}",,,12.175391912460327
20280728,2,trig,4,5,0.0,((x1 + (sin(x0) * 0.24)) * -2.76),225.3178396864158,SR (ours),1.019131830126755e-28,4.523085395923923e-31,True,-0.662*sin(x0) + -2.76*x1,2.0,k_ex=4+dedup,0.0506289005279541
20280728,2,trig,4,5,0.0,((x1 + (sin(x0) * 0.24)) * -2.76),225.3178396864158,polynomial,50.513761532226994,0.22418891288203852,False,"{'degree': 7, 'alpha': 0.0001}",,,5.557407855987549
20280728,2,trig,4,5,0.0,((x1 + (sin(x0) * 0.24)) * -2.76),225.3178396864158,random_forest,16.819085770173615,0.07464604575288596,False,{'max_depth': None},,,46.24156475067139
20280728,2,trig,4,5,0.0,((x1 + (sin(x0) * 0.24)) * -2.76),225.3178396864158,mlp,2.385263961032943,0.010586218846908057,False,"{'hidden': (64, 64), 'alpha': 0.01}",,,399.96493911743164
20280729,2,trig,4,4,0.0,(x1 + (x0 * cos(cos(x1)))),44.01972313769846,SR (ours),0.0,0.0,True,1*(cos(cos(x1)) * x0) + 1*x1,4.0,k_ex=4+dedup,50.62435436248779
20280729,2,trig,4,4,0.0,(x1 + (x0 * cos(cos(x1)))),44.01972313769846,polynomial,0.7584875576045392,0.017230629898146065,False,"{'degree': 1, 'alpha': 0.0001}",,,1.7957940101623535
20280729,2,trig,4,4,0.0,(x1 + (x0 * cos(cos(x1)))),44.01972313769846,random_forest,4.395363544935623,0.09984986800544951,False,{'max_depth': 8},,,16.818531036376953
20280729,2,trig,4,4,0.0,(x1 + (x0 * cos(cos(x1)))),44.01972313769846,mlp,3.503763620696457,0.07959531253152831,False,"{'hidden': (64, 64), 'alpha': 0.01}",,,600.7504711151123
20280730,2,trig,4,4,0.0,(((x1 + x0))^2 + cos(x0)),3809.4674286010895,SR (ours),4.635845783823753e-28,1.2169275287716862e-31,True,1*cos(x0) + 1*x0^2 + 1*x1^2 + 2*x0*x1,4.0,k_ex=4+dedup,0.2273869514465332
20280730,2,trig,4,4,0.0,(((x1 + x0))^2 + cos(x0)),3809.4674286010895,polynomial,258.11996442160375,0.0677574934710468,False,"{'degree': 6, 'alpha': 0.0001}",,,5.740208148956299
20280730,2,trig,4,4,0.0,(((x1 + x0))^2 + cos(x0)),3809.4674286010895,random_forest,3238.3035756037802,0.8500672695849636,False,{'max_depth': None},,,43.86740684509277
20280730,2,trig,4,4,0.0,(((x1 + x0))^2 + cos(x0)),3809.4674286010895,mlp,436.074414009063,0.11447122785065995,False,"{'hidden': (256,), 'alpha': 0.01}",,,648.2985820770264
20280731,2,trig,4,4,0.0,((x1 * x1) * (2.87 - (x0 * 2.11))),134053.01463521557,SR (ours),1.741133827281908e-26,1.2988397403966432e-31,True,-2.11*((x1)^2 * x0) + 2.87*x1^2,3.0,k_ex=4+dedup,0.1546766757965088
20280731,2,trig,4,4,0.0,((x1 * x1) * (2.87 - (x0 * 2.11))),134053.01463521557,polynomial,2.634394159423513e-07,1.9651883000111664e-12,False,"{'degree': 3, 'alpha': 0.0001}",,,2.352595090866089
20280731,2,trig,4,4,0.0,((x1 * x1) * (2.87 - (x0 * 2.11))),134053.01463521557,random_forest,61085.998671428635,0.45568537818903637,False,{'max_depth': None},,,15.920837879180908
20280731,2,trig,4,4,0.0,((x1 * x1) * (2.87 - (x0 * 2.11))),134053.01463521557,mlp,17997.76565609541,0.13425856706819198,False,"{'hidden': (64, 64), 'alpha': 0.01}",,,677.0750908851624
20280732,2,trig,4,4,0.0,(x1 * ((x1 * -0.37) - (x0 + x1))),1265.1118877982722,SR (ours),3.3071641087458096e-28,2.614127762645095e-31,True,-1.37*x1^2 + -1*x0*x1,2.0,k_ex=4+dedup,0.03616046905517578
20280732,2,trig,4,4,0.0,(x1 * ((x1 * -0.37) - (x0 + x1))),1265.1118877982722,polynomial,1.2908210483511588e-09,1.0203216496507904e-12,False,"{'degree': 2, 'alpha': 0.0001}",,,1.1082491874694824
20280732,2,trig,4,4,0.0,(x1 * ((x1 * -0.37) - (x0 + x1))),1265.1118877982722,random_forest,819.2141962898048,0.6475428807451316,False,{'max_depth': 8},,,15.83867597579956
20280732,2,trig,4,4,0.0,(x1 * ((x1 * -0.37) - (x0 + x1))),1265.1118877982722,mlp,84.47131985263275,0.06676984120324864,False,"{'hidden': (256,), 'alpha': 0.0001}",,,668.4771449565887
20280733,2,trig,4,4,0.0,(sin((cos(x0) + x1)) - -2.26),0.4799358459496431,SR (ours),1.0290243692861001e-30,2.1440873357771024e-30,True,1*sin((cos(x0) + x1)) + 2.26,3.0,k_ex=4+dedup,319.5592260360718
20280733,2,trig,4,4,0.0,(sin((cos(x0) + x1)) - -2.26),0.4799358459496431,polynomial,0.6082450595047973,1.2673465935874624,False,"{'degree': 1, 'alpha': 1.0}",,,5.272071361541748
20280733,2,trig,4,4,0.0,(sin((cos(x0) + x1)) - -2.26),0.4799358459496431,random_forest,0.815717077124242,1.6996377411864136,False,{'max_depth': 4},,,44.859338998794556
20280733,2,trig,4,4,0.0,(sin((cos(x0) + x1)) - -2.26),0.4799358459496431,mlp,3.265527617623303,6.804091932666217,False,"{'hidden': (256,), 'alpha': 0.01}",,,315.5872118473053
20280734,2,trig,4,4,0.0,(cos(((x1 + x1) * x0)))^2,0.13271176058344733,SR (ours),0.0,0.0,True,1*(cos((((x1 * 1) + x1) * x0)))^2,5.0,poly_deg=3,631.9734451770782
20280734,2,trig,4,4,0.0,(cos(((x1 + x1) * x0)))^2,0.13271176058344733,polynomial,0.14292058693319298,1.0769248053440335,False,"{'degree': 1, 'alpha': 1.0}",,,0.6498692035675049
20280734,2,trig,4,4,0.0,(cos(((x1 + x1) * x0)))^2,0.13271176058344733,random_forest,0.17261790579953246,1.3006978811873473,False,{'max_depth': 4},,,6.38814377784729
20280734,2,trig,4,4,0.0,(cos(((x1 + x1) * x0)))^2,0.13271176058344733,mlp,0.484048027813758,3.6473634716751064,False,"{'hidden': (64, 64), 'alpha': 0.01}",,,37.69227194786072
20280735,2,trig,4,3,0.0,((((-1.4)^2 * x0) + x1) * x1),3062.8462012886766,SR (ours),3.60684801644501e-28,1.177613167428207e-31,True,1*x1^2 + 1.96*x0*x1,2.0,k_ex=4+dedup,0.08619308471679688
20280735,2,trig,4,3,0.0,((((-1.4)^2 * x0) + x1) * x1),3062.8462012886766,polynomial,2.2787508411126417e-09,7.439978018334284e-13,False,"{'degree': 2, 'alpha': 0.0001}",,,3.6879429817199707
20280735,2,trig,4,3,0.0,((((-1.4)^2 * x0) + x1) * x1),3062.8462012886766,random_forest,1285.4894460196579,0.41970421024692484,False,{'max_depth': None},,,39.85579705238342
20280735,2,trig,4,3,0.0,((((-1.4)^2 * x0) + x1) * x1),3062.8462012886766,mlp,159.94666693466013,0.05222157967558521,False,"{'hidden': (256,), 'alpha': 0.0001}",,,302.33487200737
20280736,2,trig,4,3,0.0,((x1 * (x1 * x0)) + (x0 * x0)),29567.32039343263,SR (ours),1.9880629481020958e-27,6.72385228572717e-32,True,1*((x1)^2 * x0) + 1*x0^2,3.0,k_ex=4+dedup,0.2876882553100586
20280736,2,trig,4,3,0.0,((x1 * (x1 * x0)) + (x0 * x0)),29567.32039343263,polynomial,6.652410358700934e-08,2.2499199353143074e-12,False,"{'degree': 3, 'alpha': 0.0001}",,,1.4867639541625977
20280736,2,trig,4,3,0.0,((x1 * (x1 * x0)) + (x0 * x0)),29567.32039343263,random_forest,13812.719813843147,0.46716170522206574,False,{'max_depth': None},,,21.403523921966553
20280736,2,trig,4,3,0.0,((x1 * (x1 * x0)) + (x0 * x0)),29567.32039343263,mlp,3877.308581775224,0.13113493310122332,False,"{'hidden': (64, 64), 'alpha': 0.0001}",,,131.00985860824585
20280737,2,trig,4,4,0.0,((x1 * x1) * cos((x0 + 0.2))),596.8243232216785,SR (ours),4.8029461437087285e-29,8.047504025610515e-32,True,1*(cos((x0 + 0.2)) * (x1)^2),4.0,poly_deg=3,152.14763855934143
20280737,2,trig,4,4,0.0,((x1 * x1) * cos((x0 + 0.2))),596.8243232216785,polynomial,698.5198475615205,1.1703944031484608,False,"{'degree': 1, 'alpha': 1.0}",,,3.1370089054107666
20280737,2,trig,4,4,0.0,((x1 * x1) * cos((x0 + 0.2))),596.8243232216785,random_forest,737.7158766783577,1.2360687190095434,False,{'max_depth': None},,,41.062541007995605
20280737,2,trig,4,4,0.0,((x1 * x1) * cos((x0 + 0.2))),596.8243232216785,mlp,821.2375197561331,1.3760121493089699,False,"{'hidden': (64, 64), 'alpha': 0.01}",,,109.40469074249268
20280738,2,trig,4,4,0.0,((cos(x0))^2 * (x0 * x1)),230.71880345485704,SR (ours),3.462937421618519e-29,1.500934197717476e-31,True,1*(((cos(x0))^2 * x0) * x1),4.0,poly_deg=3,83.26708102226257
20280738,2,trig,4,4,0.0,((cos(x0))^2 * (x0 * x1)),230.71880345485704,polynomial,232.40941822492968,1.0073275985518164,False,"{'degree': 1, 'alpha': 1.0}",,,0.5707547664642334
20280738,2,trig,4,4,0.0,((cos(x0))^2 * (x0 * x1)),230.71880345485704,random_forest,178.48064049228432,0.7735851513602628,False,{'max_depth': 8},,,6.850399971008301
20280738,2,trig,4,4,0.0,((cos(x0))^2 * (x0 * x1)),230.71880345485704,mlp,311.8526169027524,1.3516567017207601,False,"{'hidden': (64, 64), 'alpha': 0.01}",,,153.18270611763
20280739,2,trig,4,4,0.0,((x0)^2 - cos((x1 + x0))),367.8584614649038,SR (ours),1.4900102934037793e-27,4.0504988996860044e-30,True,-1*cos((x0 + x1)) + 1*x0^2,3.0,k_ex=4+dedup,0.20181703567504883
20280739,2,trig,4,4,0.0,((x0)^2 - cos((x1 + x0))),367.8584614649038,polynomial,0.5826961127969341,0.0015840225897658935,False,"{'degree': 2, 'alpha': 0.0001}",,,1.1857681274414062
20280739,2,trig,4,4,0.0,((x0)^2 - cos((x1 + x0))),367.8584614649038,random_forest,270.6303906571655,0.7356916287298327,False,{'max_depth': 8},,,11.975285053253174
20280739,2,trig,4,4,0.0,((x0)^2 - cos((x1 + x0))),367.8584614649038,mlp,32.79308237780578,0.08914592380780254,False,"{'hidden': (64, 64), 'alpha': 0.0001}",,,176.62474131584167
20280740,2,trig,4,4,0.0,((x1 - -1.5) * ((x1)^2 + x0)),58918.012529074615,SR (ours),2.8157338646707375e-26,4.779071363415799e-31,True,0.75*x0 + 0.75*x0 + 1.5*x1^2 + 1*x1^3 + 1*x0*x1,4.0,poly_deg=3,0.08406424522399902
20280740,2,trig,4,4,0.0,((x1 - -1.5) * ((x1)^2 + x0)),58918.012529074615,polynomial,6.087604032270402e-07,1.033233093065778e-11,False,"{'degree': 3, 'alpha': 0.0001}",,,1.5230329036712646
20280740,2,trig,4,4,0.0,((x1 - -1.5) * ((x1)^2 + x0)),58918.012529074615,random_forest,25328.691666716146,0.42989725178216165,False,{'max_depth': 8},,,12.221373796463013
20280740,2,trig,4,4,0.0,((x1 - -1.5) * ((x1)^2 + x0)),58918.012529074615,mlp,14953.78157436883,0.25380661927436027,False,"{'hidden': (256,), 'alpha': 0.0001}",,,169.67711687088013
20280741,2,trig,4,3,0.0,(((x1)^2 * x1) * (x1 + x0)),2932580.6499671987,SR (ours),2.1861104212105082e-24,7.454561978491402e-31,True,1*(((x0 + x1) * (x1)^2) * x1),4.0,poly_deg=3,47.22960877418518
20280741,2,trig,4,3,0.0,(((x1)^2 * x1) * (x1 + x0)),2932580.6499671987,polynomial,0.00016708133781338422,5.697416635933032e-11,False,"{'degree': 4, 'alpha': 0.0001}",,,0.6637120246887207
20280741,2,trig,4,3,0.0,(((x1)^2 * x1) * (x1 + x0)),2932580.6499671987,random_forest,3087264.575237242,1.052746690963733,False,{'max_depth': 8},,,6.349112272262573
20280741,2,trig,4,3,0.0,(((x1)^2 * x1) * (x1 + x0)),2932580.6499671987,mlp,1840941.0652714258,0.6277546246825358,False,"{'hidden': (64, 64), 'alpha': 0.01}",,,182.33840775489807
20280742,2,trig,6,7,0.0,cos((((x0 + -0.74) * ((x0 + x1) + x0)))^2),0.4820514597977401,SR (ours),0.5547129833623299,1.1507339560699126,False,0.0065*x0 + 0.103 + 0.0065*x0 + 0.00372*x0^2 + 0.0152*x1 + -0.00203*x1^2 + -0.00273*x0*x1,5.0,k_ex=4+dedup,757.5044441223145
20280742,2,trig,6,7,0.0,cos((((x0 + -0.74) * ((x0 + x1) + x0)))^2),0.4820514597977401,polynomial,0.509930842182307,1.0578348676638476,False,"{'degree': 1, 'alpha': 1.0}",,,1.454930067062378
20280742,2,trig,6,7,0.0,cos((((x0 + -0.74) * ((x0 + x1) + x0)))^2),0.4820514597977401,random_forest,0.6350495439648538,1.3173895256562627,False,{'max_depth': 4},,,32.99969291687012
20280742,2,trig,6,7,0.0,cos((((x0 + -0.74) * ((x0 + x1) + x0)))^2),0.4820514597977401,mlp,6.052931920559715,12.55660946053231,False,"{'hidden': (256,), 'alpha': 0.01}",,,105.20936417579651
20280743,2,trig,6,3,0.0,(((x1 - (-1.94 - x0)) - cos(x1)) - (-0.54 + x0)),28.975916800554455,SR (ours),1.2076351123285724e-29,4.16772011267462e-31,True,-1*cos(x1) + 2.48 + 1*x1,2.0,k_ex=4+dedup,0.3031628131866455
20280743,2,trig,6,3,0.0,(((x1 - (-1.94 - x0)) - cos(x1)) - (-0.54 + x0)),28.975916800554455,polynomial,114.63591952427062,3.956248228945669,False,"{'degree': 6, 'alpha': 0.01}",,,5.288733959197998
20280743,2,trig,6,3,0.0,(((x1 - (-1.94 - x0)) - cos(x1)) - (-0.54 + x0)),28.975916800554455,random_forest,2.0483412829564145,0.07069116387431162,False,{'max_depth': None},,,40.089024782180786
20280743,2,trig,6,3,0.0,(((x1 - (-1.94 - x0)) - cos(x1)) - (-0.54 + x0)),28.975916800554455,mlp,0.323918487297371,0.011178886574217829,False,"{'hidden': (64, 64), 'alpha': 0.01}",,,113.21907114982605
20280744,2,trig,6,6,0.0,((x0 * cos(((x1)^2 * (2.68 + 1.83)))))^2,244.5057227707082,SR (ours),174.14003674977806,0.7122125191036226,False,2.01*sin((((0.999 - (x0)^2) * (x0 + 1)))^2) + -0.65 + 0.116*x0 + 0.616*x0^2 + -0.0588*x1 + -0.0108*x1^2 + 0.00207*x0*x1,11.0,k_ex=4+dedup,617.3376231193542
20280744,2,trig,6,6,0.0,((x0 * cos(((x1)^2 * (2.68 + 1.83)))))^2,244.5057227707082,polynomial,165.694707381235,0.6776721031459033,False,"{'degree': 2, 'alpha': 0.0001}",,,0.4322800636291504
20280744,2,trig,6,6,0.0,((x0 * cos(((x1)^2 * (2.68 + 1.83)))))^2,244.5057227707082,random_forest,175.96874061198918,0.7196917054453101,False,{'max_depth': 4},,,4.764997720718384
20280744,2,trig,6,6,0.0,((x0 * cos(((x1)^2 * (2.68 + 1.83)))))^2,244.5057227707082,mlp,210.05152977685123,0.8590863534667967,False,"{'hidden': (256,), 'alpha': 0.0001}",,,177.59830927848816
20280745,2,trig,6,5,0.0,(x1 * sin((((x1 - sin(1.93)) + x0))^2)),14.57263719191938,SR (ours),21.071430571207493,1.4459586342334616,False,0.696*sin(((sin((x0 * x1)) + x0) * 1.29)) + -0.185 + -0.00385*x0 + 0.0151*x0^2 + 0.126*x1 + 0.0457*x1^2 + 0.0251*x0*x1,10.0,k_ex=4+dedup,648.7183241844177
20280745,2,trig,6,5,0.0,(x1 * sin((((x1 - sin(1.93)) + x0))^2)),14.57263719191938,polynomial,14.833324772526748,1.0178888403776305,False,"{'degree': 1, 'alpha': 1.0}",,,1.7505590915679932
20280745,2,trig,6,5,0.0,(x1 * sin((((x1 - sin(1.93)) + x0))^2)),14.57263719191938,random_forest,17.548852839281096,1.204233153420717,False,{'max_depth': 4},,,13.173126935958862
20280745,2,trig,6,5,0.0,(x1 * sin((((x1 - sin(1.93)) + x0))^2)),14.57263719191938,mlp,67.20115846853034,4.611461713038036,False,"{'hidden': (64, 64), 'alpha': 0.01}",,,129.34223794937134
20280746,2,trig,6,6,0.0,(((x0 * 2.27) - sin(cos(x1))) - (x1)^2),560.8316762637276,SR (ours),1.0499006313630314e-27,1.8720423182183494e-30,True,-1*sin(cos(x1)) + 2.27*x0 + -1*x1^2,4.0,k_ex=4+dedup,0.1629190444946289
20280746,2,trig,6,6,0.0,(((x0 * 2.27) - sin(cos(x1))) - (x1)^2),560.8316762637276,polynomial,141.96693284167256,0.25313643799055585,False,"{'degree': 6, 'alpha': 0.01}",,,0.9039099216461182
20280746,2,trig,6,6,0.0,(((x0 * 2.27) - sin(cos(x1))) - (x1)^2),560.8316762637276,random_forest,490.6231374685454,0.8748135282534094,False,{'max_depth': 8},,,11.467644214630127
20280746,2,trig,6,6,0.0,(((x0 * 2.27) - sin(cos(x1))) - (x1)^2),560.8316762637276,mlp,35.57802725331741,0.06343797748789615,False,"{'hidden': (256,), 'alpha': 0.0001}",,,85.3328058719635
20280747,2,trig,6,4,0.0,(((sin(((x1 * x0) + 2.35)) + x1) - x1) * 1.2),0.6874533793600186,SR (ours),1.8486726852989826e-30,2.6891608082863678e-30,True,1.2*cos(((x0 * x1) + 0.779)),3.0,poly_deg=3,75.7422947883606
20280747,2,trig,6,4,0.0,(((sin(((x1 * x0) + 2.35)) + x1) - x1) * 1.2),0.6874533793600186,polynomial,0.7074378726218445,1.02907032514762,False,"{'degree': 1, 'alpha': 1.0}",,,0.6806838512420654
20280747,2,trig,6,4,0.0,(((sin(((x1 * x0) + 2.35)) + x1) - x1) * 1.2),0.6874533793600186,random_forest,0.7309746496883243,1.063307958961263,False,{'max_depth': 4},,,8.470258235931396
20280747,2,trig,6,4,0.0,(((sin(((x1 * x0) + 2.35)) + x1) - x1) * 1.2),0.6874533793600186,mlp,8.965720220290486,13.041931990554879,False,"{'hidden': (256,), 'alpha': 0.01}",,,145.39178824424744
20280748,2,trig,6,6,0.0,((cos(x0) + (sin(x1) * (x0)^2)))^2,923731.7628085304,SR (ours),7.811073241488203e-26,8.455997245065253e-32,True,1*(((sin(x1) * (x0)^2) + cos(x0)))^2,6.0,poly_deg=3,458.4623007774353
20280748,2,trig,6,6,0.0,((cos(x0) + (sin(x1) * (x0)^2)))^2,923731.7628085304,polynomial,821908.3606334733,0.8897695128881663,False,"{'degree': 2, 'alpha': 0.0001}",,,0.459503173828125
20280748,2,trig,6,6,0.0,((cos(x0) + (sin(x1) * (x0)^2)))^2,923731.7628085304,random_forest,1004050.0910533288,1.0869498392050494,False,{'max_depth': 8},,,5.57329797744751
20280748,2,trig,6,6,0.0,((cos(x0) + (sin(x1) * (x0)^2)))^2,923731.7628085304,mlp,914432.3970549819,0.9899328288492815,False,"{'hidden': (256,), 'alpha': 0.01}",,,128.67239713668823
20280749,2,trig,6,6,0.0,(cos((x1 * x1)) + sin(sin((x0 - 0.84)))),0.9823223246646757,SR (ours),5.905901084986075e-32,6.012182495192813e-32,True,1*(cos((x1)^2) + sin(cos((2.41 - x0)))),6.0,k_ex=4+dedup,492.8590259552002
20280749,2,trig,6,6,0.0,(cos((x1 * x1)) + sin(sin((x0 - 0.84)))),0.9823223246646757,polynomial,1.4233818185095268,1.4489967119452474,False,"{'degree': 1, 'alpha': 0.0001}",,,0.3887181282043457
20280749,2,trig,6,6,0.0,(cos((x1 * x1)) + sin(sin((x0 - 0.84)))),0.9823223246646757,random_forest,1.135954466437247,1.1563968749514217,False,{'max_depth': None},,,5.425992965698242
20280749,2,trig,6,6,0.0,(cos((x1 * x1)) + sin(sin((x0 - 0.84)))),0.9823223246646757,mlp,2.730730960645659,2.779872646768786,False,"{'hidden': (64, 64), 'alpha': 0.0001}",,,118.48249292373657
20280750,2,trig,6,6,0.0,cos(((x0 * x0) - (x1 + ((-0.43 - x1) * x1)))),0.4663368857649028,SR (ours),0.7817270749712925,1.6763140528527465,False,0.0181*x0 + 0.112 + 0.0181*x0 + -0.0011*x0^2 + 0.0105*x1 + -0.0119*x1^2 + 0.00804*x0*x1,5.0,k_ex=4+dedup,488.4652256965637
20280750,2,trig,6,6,0.0,cos(((x0 * x0) - (x1 + ((-0.43 - x1) * x1)))),0.4663368857649028,polynomial,0.5684961150166679,1.2190674432373063,False,"{'degree': 1, 'alpha': 1.0}",,,0.456439733505249
20280750,2,trig,6,6,0.0,cos(((x0 * x0) - (x1 + ((-0.43 - x1) * x1)))),0.4663368857649028,random_forest,0.5646403512133862,1.2107992493178885,False,{'max_depth': 4},,,7.548476934432983
20280750,2,trig,6,6,0.0,cos(((x0 * x0) - (x1 + ((-0.43 - x1) * x1)))),0.4663368857649028,mlp,4.925508210302855,10.562124422613186,False,"{'hidden': (256,), 'alpha': 0.01}",,,127.44603085517883
20280751,2,trig,6,6,0.0,(sin((x1 + (x1 - (x0 * -1.31)))) + (x0 * x1)),726.2852766985363,SR (ours),1.1830777360894987e-27,1.62894357636905e-30,True,-1*(sin(((x0 * -1.31) + (x1 * -2))) + x1) + 1*x1 + 1*x0*x1,7.0,poly_deg=3,457.555477142334
20280751,2,trig,6,6,0.0,(sin((x1 + (x1 - (x0 * -1.31)))) + (x0 * x1)),726.2852766985363,polynomial,0.6161137649628454,0.0008483082126674854,False,"{'degree': 2, 'alpha': 0.0001}",,,0.44976210594177246
20280751,2,trig,6,6,0.0,(sin((x1 + (x1 - (x0 * -1.31)))) + (x0 * x1)),726.2852766985363,random_forest,461.96598574887105,0.6360668466925594,False,{'max_depth': None},,,5.7976908683776855
20280751,2,trig,6,6,0.0,(sin((x1 + (x1 - (x0 * -1.31)))) + (x0 * x1)),726.2852766985363,mlp,34.022091478065306,0.04684397793759361,False,"{'hidden': (256,), 'alpha': 0.0001}",,,193.06560683250427
20280752,2,trig,6,6,0.0,(((x0 + x0) + -2.9) - cos((x0 - (x1 * x1)))),122.07990235515784,SR (ours),2.4313734064046525e-29,1.991624632309454e-31,True,-1*cos((x0 - (x1)^2)) + -2.9 + 2*x0,4.0,k_ex=4+dedup,30.084553003311157
20280752,2,trig,6,6,0.0,(((x0 + x0) + -2.9) - cos((x0 - (x1 * x1)))),122.07990235515784,polynomial,0.4696619400233404,0.003847168378763839,False,"{'degree': 1, 'alpha': 0.0001}",,,5.9543750286102295
20280752,2,trig,6,6,0.0,(((x0 + x0) + -2.9) - cos((x0 - (x1 * x1)))),122.07990235515784,random_forest,9.759664156545302,0.07994488829252376,False,{'max_depth': None},,,25.937489986419678
20280752,2,trig,6,6,0.0,(((x0 + x0) + -2.9) - cos((x0 - (x1 * x1)))),122.07990235515784,mlp,0.9819951473316262,0.008043872319579532,False,"{'hidden': (256,), 'alpha': 0.01}",,,220.44873690605164
20280753,2,trig,6,5,0.0,sin(sin((((x1 * x0) + x1) + (-2.41 - -1.8)))),0.3873739832484075,SR (ours),9.445528280184962e-31,2.4383486472110134e-30,True,-1*sin(cos((((x0 * x1) + x1) + 0.961))),5.0,poly_deg=3,202.77194094657898
20280753,2,trig,6,5,0.0,sin(sin((((x1 * x0) + x1) + (-2.41 - -1.8)))),0.3873739832484075,polynomial,0.40063345271330847,1.034229117179504,False,"{'degree': 1, 'alpha': 1.0}",,,2.060084342956543
20280753,2,trig,6,5,0.0,sin(sin((((x1 * x0) + x1) + (-2.41 - -1.8)))),0.3873739832484075,random_forest,0.42764397964996503,1.1039563784430355,False,{'max_depth': 4},,,22.593645811080933
20280753,2,trig,6,5,0.0,sin(sin((((x1 * x0) + x1) + (-2.41 - -1.8)))),0.3873739832484075,mlp,0.4194680251477555,1.0828502772184558,False,"{'hidden': (64, 64), 'alpha': 0.0001}",,,98.22876119613647
20280754,2,trig,6,6,0.0,sin(((x0)^2 * (sin(x1) - (0.92 - x1)))),0.49391390410568886,SR (ours),0.6763800353565812,1.3694290234272244,False,0.00155*x0 + -0.0917 + 0.00155*x0 + -0.00728*x0^2 + -0.0338*x1 + 0.0159*x1^2 + -0.00411*x0*x1,5.0,k_ex=4+dedup,585.5620470046997
20280754,2,trig,6,6,0.0,sin(((x0)^2 * (sin(x1) - (0.92 - x1)))),0.49391390410568886,polynomial,0.544865024527293,1.1031578985691026,False,"{'degree': 1, 'alpha': 1.0}",,,1.2704310417175293
20280754,2,trig,6,6,0.0,sin(((x0)^2 * (sin(x1) - (0.92 - x1)))),0.49391390410568886,random_forest,0.5839870008815973,1.1823659873252614,False,{'max_depth': 4},,,47.370858907699585
20280754,2,trig,6,6,0.0,sin(((x0)^2 * (sin(x1) - (0.92 - x1)))),0.49391390410568886,mlp,2.9521648227356407,5.977083856509392,False,"{'hidden': (64, 64), 'alpha': 0.01}",,,144.88189721107483
20280755,2,trig,6,5,0.0,((cos((x0 - (x0 - x1))) * (x0 + 0.56)))^2,272.9751551871017,SR (ours),1.1140130903095169e-28,4.081005429032375e-31,True,1*(((x0 + 0.56) * cos(x1)))^2,4.0,poly_deg=3,195.11290526390076
20280755,2,trig,6,5,0.0,((cos((x0 - (x0 - x1))) * (x0 + 0.56)))^2,272.9751551871017,polynomial,178.3898777242215,0.6535022485909024,False,"{'degree': 2, 'alpha': 1.0}",,,1.621297836303711
20280755,2,trig,6,5,0.0,((cos((x0 - (x0 - x1))) * (x0 + 0.56)))^2,272.9751551871017,random_forest,208.99855273450362,0.7656321418381558,False,{'max_depth': 8},,,31.452558755874634
20280755,2,trig,6,5,0.0,((cos((x0 - (x0 - x1))) * (x0 + 0.56)))^2,272.9751551871017,mlp,506.152156224877,1.8542059473432735,False,"{'hidden': (256,), 'alpha': 0.0001}",,,222.16364097595215
20280756,2,trig,6,1,0.0,(x1 * ((cos(x0) * ((x1 - x1) * -0.35)) + x1)),384.5459705797785,SR (ours),2.6397204435828245e-29,6.864512036370912e-32,True,1*x1^2,1.0,k_ex=4+dedup,0.04255509376525879
20280756,2,trig,6,1,0.0,(x1 * ((cos(x0) * ((x1 - x1) * -0.35)) + x1)),384.5459705797785,polynomial,5.164344553278617e-10,1.342971958721178e-12,False,"{'degree': 2, 'alpha': 0.0001}",,,5.0946619510650635
20280756,2,trig,6,1,0.0,(x1 * ((cos(x0) * ((x1 - x1) * -0.35)) + x1)),384.5459705797785,random_forest,270.2616504841501,0.7028071314248271,False,{'max_depth': None},,,15.828972101211548
20280756,2,trig,6,1,0.0,(x1 * ((cos(x0) * ((x1 - x1) * -0.35)) + x1)),384.5459705797785,mlp,24.926616110916342,0.06482090053715704,False,"{'hidden': (256,), 'alpha': 0.0001}",,,213.36284494400024
20280757,2,full,2,2,0.0,(x0 - sin(x1)),28.0459987784951,SR (ours),1.785587579803015e-30,6.3666392981952e-32,True,-1*sin(x1) + 1*x0,2.0,k_ex=4+dedup,0.11023378372192383
20280757,2,full,2,2,0.0,(x0 - sin(x1)),28.0459987784951,polynomial,160.60754750220372,5.726576142667208,False,"{'degree': 7, 'alpha': 0.0001}",,,2.007097005844116
20280757,2,full,2,2,0.0,(x0 - sin(x1)),28.0459987784951,random_forest,1.9228807697183203,0.06856167915092161,False,{'max_depth': 8},,,23.02233099937439
20280757,2,full,2,2,0.0,(x0 - sin(x1)),28.0459987784951,mlp,5.2088842800930095,0.18572646748052485,False,"{'hidden': (256,), 'alpha': 0.0001}",,,83.54016995429993
20280758,2,full,2,4,0.0,(x1 + sqrt(x0)),32.38274534582513,SR (ours),2.7738398617031603e-29,8.565795864681904e-31,True,1*sqrt(x0) + 1*x1,2.0,k_ex=4+dedup,0.15492463111877441
20280758,2,full,2,4,0.0,(x1 + sqrt(x0)),32.38274534582513,polynomial,0.961622576188998,0.029695523524010697,False,"{'degree': 2, 'alpha': 1.0}",,,1.535444974899292
20280758,2,full,2,4,0.0,(x1 + sqrt(x0)),32.38274534582513,random_forest,2.8520103772900924,0.08807191443568516,False,{'max_depth': None},,,11.087815284729004
20280758,2,full,2,4,0.0,(x1 + sqrt(x0)),32.38274534582513,mlp,0.0481325029004088,0.0014863626411654493,False,"{'hidden': (64, 64), 'alpha': 0.01}",,,101.93441700935364
20280759,2,full,2,2,0.0,sin((x0 * x1)),0.4989333972770449,SR (ours),1.5813619817979722e-31,3.1694851265285866e-31,True,1*sin((x0 * x1)),2.0,k_ex=4+dedup,0.36749887466430664
20280759,2,full,2,2,0.0,sin((x0 * x1)),0.4989333972770449,polynomial,0.5204338841554512,1.043092899765272,False,"{'degree': 1, 'alpha': 1.0}",,,0.996649980545044
20280759,2,full,2,2,0.0,sin((x0 * x1)),0.4989333972770449,random_forest,0.586859420998922,1.1762279779259877,False,{'max_depth': 4},,,20.06941509246826
20280759,2,full,2,2,0.0,sin((x0 * x1)),0.4989333972770449,mlp,16.802147054369186,33.676132217381685,False,"{'hidden': (256,), 'alpha': 0.01}",,,164.42771911621094
20280760,2,full,2,2,0.0,(x0 - (x1 / -2.79)),34.62296791547924,SR (ours),4.234205130983948e-30,1.222946900831953e-31,True,0.5*x0 + 0.5*x0 + 0.358*x1,2.0,k_ex=4+dedup,0.02115607261657715
20280760,2,full,2,2,0.0,(x0 - (x1 / -2.79)),34.62296791547924,polynomial,2.4235247165222323e-11,6.999760166252885e-13,False,"{'degree': 1, 'alpha': 0.0001}",,,3.732922077178955
20280760,2,full,2,2,0.0,(x0 - (x1 / -2.79)),34.62296791547924,random_forest,3.524432523864327,0.10179463910974032,False,{'max_depth': 8},,,30.88499093055725
20280760,2,full,2,2,0.0,(x0 - (x1 / -2.79)),34.62296791547924,mlp,0.13344022086498603,0.003854095385200284,False,"{'hidden': (64, 64), 'alpha': 0.01}",,,45.23879384994507
20280761,2,full,2,2,0.0,((x0 * x1) - 0.79),754.8485511820456,SR (ours),1.49045335057822e-28,1.974506473178313e-31,True,-0.79 + 1*x0*x1,1.0,k_ex=4+dedup,0.021045207977294922
20280761,2,full,2,2,0.0,((x0 * x1) - 0.79),754.8485511820456,polynomial,6.409082260953159e-10,8.490553834828109e-13,False,"{'degree': 2, 'alpha': 0.0001}",,,3.6604480743408203
20280761,2,full,2,2,0.0,((x0 * x1) - 0.79),754.8485511820456,random_forest,464.68027518309526,0.6155940479125713,False,{'max_depth': None},,,15.30704379081726
20280761,2,full,2,2,0.0,((x0 * x1) - 0.79),754.8485511820456,mlp,32.029427761451906,0.04243159467060753,False,"{'hidden': (256,), 'alpha': 0.0001}",,,224.15555477142334
20280762,2,full,2,2,0.0,((x1 - -1.18) + x0),62.549715092836664,SR (ours),1.2235047750703232e-29,1.956051715430502e-31,True,0.5*x0 + 1.18 + 0.5*x0 + 1*x1,2.0,k_ex=4+dedup,0.009346723556518555
20280762,2,full,2,2,0.0,((x1 - -1.18) + x0),62.549715092836664,polynomial,3.7807577637827784e-11,6.044404451996872e-13,False,"{'degree': 1, 'alpha': 0.0001}",,,1.3524348735809326
20280762,2,full,2,2,0.0,((x1 - -1.18) + x0),62.549715092836664,random_forest,9.506430714688548,0.15198199864825998,False,{'max_depth': 8},,,19.740045070648193
20280762,2,full,2,2,0.0,((x1 - -1.18) + x0),62.549715092836664,mlp,0.17080215810470886,0.002730662447482027,False,"{'hidden': (256,), 'alpha': 0.0001}",,,69.82116603851318
20280763,2,full,2,2,0.0,((x1 + 1.69) + x0),53.96787785384389,SR (ours),4.893248728303538e-29,9.066965244687704e-31,True,0.5*x0 + 1.69 + 0.5*x0 + 1*x1,2.0,k_ex=4+dedup,0.0797429084777832
20280763,2,full,2,2,0.0,((x1 + 1.69) + x0),53.96787785384389,polynomial,3.6691528709050996e-11,6.79877181912159e-13,False,"{'degree': 1, 'alpha': 0.0001}",,,1.836090087890625
20280763,2,full,2,2,0.0,((x1 + 1.69) + x0),53.96787785384389,random_forest,7.242258675396178,0.1341957283369508,False,{'max_depth': None},,,41.199671030044556
20280763,2,full,2,2,0.0,((x1 + 1.69) + x0),53.96787785384389,mlp,0.045666776484410254,0.0008461844026568041,False,"{'hidden': (256,), 'alpha': 0.0001}",,,42.918431997299194
20280764,2,full,2,2,0.0,(x1 + cos(x0)),29.226411061078913,SR (ours),3.344293088993368e-30,1.1442708726720795e-31,True,1*cos(x0) + 1*x1,2.0,k_ex=4+dedup,0.2666196823120117
20280764,2,full,2,2,0.0,(x1 + cos(x0)),29.226411061078913,polynomial,85.82981247799862,2.936720909680867,False,"{'degree': 8, 'alpha': 0.0001}",,,3.012505292892456
20280764,2,full,2,2,0.0,(x1 + cos(x0)),29.226411061078913,random_forest,3.5876408056879363,0.12275338214433149,False,{'max_depth': 4},,,42.86527180671692
20280764,2,full,2,2,0.0,(x1 + cos(x0)),29.226411061078913,mlp,0.8065156853195586,0.027595440426607946,False,"{'hidden': (64, 64), 'alpha': 0.01}",,,147.53876209259033
20280765,2,full,2,3,0.0,(log(x1) + x0),30.37240284624416,SR (ours),1.790392624550984e-30,5.894800729512856e-32,True,1*log(x1) + 1*x0,2.0,k_ex=4+dedup,0.10756373405456543
20280765,2,full,2,3,0.0,(log(x1) + x0),30.37240284624416,polynomial,3.3386687215664637,0.10992441850807738,False,"{'degree': 2, 'alpha': 1.0}",,,1.733062982559204
20280765,2,full,2,3,0.0,(log(x1) + x0),30.37240284624416,random_forest,3.2555613139911834,0.10718813820796418,False,{'max_depth': 8},,,18.82268476486206
20280765,2,full,2,3,0.0,(log(x1) + x0),30.37240284624416,mlp,0.1416995348072036,0.00466540416721511,False,"{'hidden': (64, 64), 'alpha': 0.0001}",,,161.08750009536743
20280766,2,full,2,2,0.0,((x1 + x0) * x0),1035.8845679574724,SR (ours),4.323159020290333e-29,4.173398421037022e-32,True,1*x0^2 + 1*x0*x1,2.0,k_ex=4+dedup,0.04152321815490723
20280766,2,full,2,2,0.0,((x1 + x0) * x0),1035.8845679574724,polynomial,1.3863301316349128e-09,1.3383056129202107e-12,False,"{'degree': 2, 'alpha': 0.0001}",,,3.1090891361236572
20280766,2,full,2,2,0.0,((x1 + x0) * x0),1035.8845679574724,random_forest,585.0764355867127,0.5648085256645435,False,{'max_depth': 8},,,20.94042205810547
20280766,2,full,2,2,0.0,((x1 + x0) * x0),1035.8845679574724,mlp,66.33089778579314,0.06403309773846956,False,"{'hidden': (256,), 'alpha': 0.01}",,,254.53972101211548
20280767,2,full,2,3,0.0,(-0.26 / (x1 * x0)),0.02977020123824898,SR (ours),2.3304822026944802e-33,7.828237988866058e-32,True,-0.0914*(((2.84 / x0) / x1) + x1) + 0.0914*x1,4.0,poly_deg=3,24.830523252487183
20280767,2,full,2,3,0.0,(-0.26 / (x1 * x0)),0.02977020123824898,polynomial,0.34188843546540826,11.484250063655848,False,"{'degree': 1, 'alpha': 1.0}",,,1.2326087951660156
20280767,2,full,2,3,0.0,(-0.26 / (x1 * x0)),0.02977020123824898,random_forest,0.5012382804136981,16.836912737079633,False,{'max_depth': 4},,,15.699958086013794
20280767,2,full,2,3,0.0,(-0.26 / (x1 * x0)),0.02977020123824898,mlp,19.943756315429702,669.9234632584819,False,"{'hidden': (64, 64), 'alpha': 0.01}",,,147.98726797103882
20280768,2,full,2,4,0.0,(x0 + sqrt(x1)),29.35009399555552,SR (ours),2.9060356930859002e-30,9.901282406543437e-32,True,1*sqrt(x1) + 1*x0,2.0,k_ex=4+dedup,0.11929678916931152
20280768,2,full,2,4,0.0,(x0 + sqrt(x1)),29.35009399555552,polynomial,0.7984069284413504,0.027202874667530984,False,"{'degree': 2, 'alpha': 1.0}",,,1.9305479526519775
20280768,2,full,2,4,0.0,(x0 + sqrt(x1)),29.35009399555552,random_forest,2.977855778677052,0.10145983788426668,False,{'max_depth': 8},,,17.618677139282227
20280768,2,full,2,4,0.0,(x0 + sqrt(x1)),29.35009399555552,mlp,0.07711710575764835,0.0026274909296483406,False,"{'hidden': (64, 64), 'alpha': 0.0001}",,,117.47656893730164
20280769,2,full,2,4,0.0,sqrt((x0 + x1)),0.7514802175420803,SR (ours),0.0,0.0,True,1*sqrt((x0 + x1)),2.0,k_ex=4+dedup,0.3640592098236084
20280769,2,full,2,4,0.0,sqrt((x0 + x1)),0.7514802175420803,polynomial,1.2480454954493392,1.6607829006216694,False,"{'degree': 2, 'alpha': 1.0}",,,1.8958370685577393
20280769,2,full,2,4,0.0,sqrt((x0 + x1)),0.7514802175420803,random_forest,0.2695622929648572,0.358708435261987,False,{'max_depth': None},,,21.70169687271118
20280769,2,full,2,4,0.0,sqrt((x0 + x1)),0.7514802175420803,mlp,0.028248267785502837,0.03759016821214064,False,"{'hidden': (64, 64), 'alpha': 0.01}",,,109.4587709903717
20280770,2,full,2,3,0.0,((x0 * -1.69) - x1),120.58519494496909,SR (ours),1.1623564993360285e-29,9.639296929166867e-32,True,-0.845*x0 + -0.845*x0 + -1*x1,2.0,k_ex=4+dedup,0.08360481262207031
20280770,2,full,2,3,0.0,((x0 * -1.69) - x1),120.58519494496909,polynomial,7.974207375652455e-11,6.612924065256607e-13,False,"{'degree': 1, 'alpha': 0.0001}",,,2.4132778644561768
20280770,2,full,2,3,0.0,((x0 * -1.69) - x1),120.58519494496909,random_forest,15.309252433263463,0.12695797722307517,False,{'max_depth': None},,,13.30539608001709
20280770,2,full,2,3,0.0,((x0 * -1.69) - x1),120.58519494496909,mlp,0.23936434584813268,0.001985022671791262,False,"{'hidden': (64, 64), 'alpha': 0.01}",,,33.55257225036621
20280771,2,full,2,1,0.0,(x0 + (x1 / x1)),30.351457230660696,SR (ours),2.4638301407924384e-30,8.117666713885175e-32,True,0.5*x0 + 1 + 0.5*x0,1.0,k_ex=4+dedup,0.08831286430358887
20280771,2,full,2,1,0.0,(x0 + (x1 / x1)),30.351457230660696,polynomial,2.0767237985270697e-11,6.842254006931789e-13,False,"{'degree': 1, 'alpha': 0.0001}",,,1.0833220481872559
20280771,2,full,2,1,0.0,(x0 + (x1 / x1)),30.351457230660696,random_forest,2.0057768728981777,0.06608502707645829,False,{'max_depth': None},,,11.758003950119019
20280771,2,full,2,1,0.0,(x0 + (x1 / x1)),30.351457230660696,mlp,0.11946988671943691,0.003936215840033862,False,"{'hidden': (64, 64), 'alpha': 0.01}",,,26.935696840286255
20280772,2,full,4,5,0.0,sqrt((x0 - (0.56 - (-0.4 - x1)))),0.8240884230149796,SR (ours),7.553557427197501e-32,9.165955031333086e-32,True,1*sqrt(((x0 - x1) + -0.96)),3.0,poly_deg=3,455.129056930542
20280772,2,full,4,5,0.0,sqrt((x0 - (0.56 - (-0.4 - x1)))),0.8240884230149796,polynomial,4.201379350261877,5.0982142606625445,False,"{'degree': 4, 'alpha': 1.0}",,,0.8119421005249023
20280772,2,full,4,5,0.0,sqrt((x0 - (0.56 - (-0.4 - x1)))),0.8240884230149796,random_forest,0.4872088067901691,0.5912093814007056,False,{'max_depth': None},,,8.13333797454834
20280772,2,full,4,5,0.0,sqrt((x0 - (0.56 - (-0.4 - x1)))),0.8240884230149796,mlp,0.03149363335997683,0.038216327860492665,False,"{'hidden': (64, 64), 'alpha': 0.01}",,,34.91782832145691
20280773,2,full,4,1,0.0,((x0)^2 + ((x1 - x1) / x1)),439.83823287184566,SR (ours),2.5772672739572244e-28,5.859579912208666e-31,True,1*x0^2,1.0,k_ex=4+dedup,0.020966291427612305
20280773,2,full,4,1,0.0,((x0)^2 + ((x1 - x1) / x1)),439.83823287184566,polynomial,7.993411522477961e-10,1.8173525912666572e-12,False,"{'degree': 2, 'alpha': 0.0001}",,,0.8835849761962891
20280773,2,full,4,1,0.0,((x0)^2 + ((x1 - x1) / x1)),439.83823287184566,random_forest,334.01797120317565,0.7594109521181562,False,{'max_depth': None},,,13.198362112045288
20280773,2,full,4,1,0.0,((x0)^2 + ((x1 - x1) / x1)),439.83823287184566,mlp,36.326865238326285,0.08259142230800735,False,"{'hidden': (256,), 'alpha': 0.0001}",,,228.0500829219818
20280774,2,full,4,2,0.0,((exp((x0 - x0)) / x1) - -0.97),67.38248264297093,SR (ours),4.0977048461755024e-30,6.081261309244679e-32,True,1*(x0 / (x0 * x1)) + 0.97,2.0,k_ex=4+dedup,0.5406858921051025
20280774,2,full,4,2,0.0,((exp((x0 - x0)) / x1) - -0.97),67.38248264297093,polynomial,69.30896801005032,1.0285902996077922,False,"{'degree': 1, 'alpha': 1.0}",,,2.2721478939056396
20280774,2,full,4,2,0.0,((exp((x0 - x0)) / x1) - -0.97),67.38248264297093,random_forest,79.96986376310011,1.1868049473158175,False,{'max_depth': 8},,,67.29686117172241
20280774,2,full,4,2,0.0,((exp((x0 - x0)) / x1) - -0.97),67.38248264297093,mlp,354.7303396963804,5.264429652673007,False,"{'hidden': (256,), 'alpha': 0.01}",,,189.87837958335876
20280775,2,full,4,3,0.0,(((1.75 * (x0 * 0.85)) / x1) + x0),663.1034070727064,SR (ours),6.92987294445347e-29,1.0450667076264381e-31,True,1.49*(x0 / x1) + 1*x0,2.0,k_ex=4+dedup,0.08481669425964355
20280775,2,full,4,3,0.0,(((1.75 * (x0 * 0.85)) / x1) + x0),663.1034070727064,polynomial,702.5187402512938,1.05944070375477,False,"{'degree': 1, 'alpha': 1.0}",,,2.402743101119995
20280775,2,full,4,3,0.0,(((1.75 * (x0 * 0.85)) / x1) + x0),663.1034070727064,random_forest,786.3392730335613,1.1858471313017136,False,{'max_depth': 8},,,65.81333518028259
20280775,2,full,4,3,0.0,(((1.75 * (x0 * 0.85)) / x1) + x0),663.1034070727064,mlp,1577.6856098885823,2.379245217353552,False,"{'hidden': (256,), 'alpha': 0.0001}",,,195.78372621536255
20280776,2,full,4,6,0.0,log(log(sin((x1 / x0)))),3.5578808456736963,SR (ours),2.281212769409695e-31,6.411717728500095e-32,True,1*log(log(sin((x1 / x0)))),4.0,k_ex=4+dedup,635.6786878108978
20280776,2,full,4,6,0.0,log(log(sin((x1 / x0)))),3.5578808456736963,polynomial,12.88167396019591,3.6206029709678833,False,"{'degree': 2, 'alpha': 1.0}",,,0.7076191902160645
20280776,2,full,4,6,0.0,log(log(sin((x1 / x0)))),3.5578808456736963,random_forest,3.8089471761662654,1.0705662559773075,False,{'max_depth': None},,,8.148239850997925
20280776,2,full,4,6,0.0,log(log(sin((x1 / x0)))),3.5578808456736963,mlp,2.594520556199843,0.729231997568081,False,"{'hidden': (256,), 'alpha': 0.0001}",,,109.56956481933594
20280777,2,full,4,6,0.0,(((x1 - x0) * x0) - log(x1)),893.9060679876524,SR (ours),2.6134002676859816e-28,2.9235736966963746e-31,True,-1*log(x1) + -1*x0^2 + 1*x0*x1,3.0,k_ex=4+dedup,0.06595873832702637
20280777,2,full,4,6,0.0,(((x1 - x0) * x0) - log(x1)),893.9060679876524,polynomial,3.4897863932744158,0.0039039743864034498,False,"{'degree': 2, 'alpha': 1.0}",,,1.4636180400848389
20280777,2,full,4,6,0.0,(((x1 - x0) * x0) - log(x1)),893.9060679876524,random_forest,515.6571887547047,0.5768583604265539,False,{'max_depth': None},,,16.538604259490967
20280777,2,full,4,6,0.0,(((x1 - x0) * x0) - log(x1)),893.9060679876524,mlp,64.25478777556859,0.0718809168844977,False,"{'hidden': (256,), 'alpha': 0.01}",,,228.56618189811707
20280778,2,full,4,3,0.0,((x1 / x0) + (-1.4 * (x1 / x0))),21.3669717736025,SR (ours),8.8623666200743e-31,4.147694261019793e-32,True,-0.4*(x1 / x0),1.0,k_ex=4+dedup,0.05740022659301758
20280778,2,full,4,3,0.0,((x1 / x0) + (-1.4 * (x1 / x0))),21.3669717736025,polynomial,24.45870039131801,1.1446966210502107,False,"{'degree': 1, 'alpha': 1.0}",,,1.4809141159057617
20280778,2,full,4,3,0.0,((x1 / x0) + (-1.4 * (x1 / x0))),21.3669717736025,random_forest,43.52501429405709,2.0370230632227164,False,{'max_depth': None},,,46.89735817909241
20280778,2,full,4,3,0.0,((x1 / x0) + (-1.4 * (x1 / x0))),21.3669717736025,mlp,753.4531139582427,35.26251272017333,False,"{'hidden': (256,), 'alpha': 0.01}",,,146.60706305503845
20280779,2,full,4,5,0.0,(((2.67 / x0) / x1) + log(x0)),1.2125657912278573,SR (ours),7.291544732250204e-32,6.01331885246961e-32,True,1*(((2.67 / x0) / x1) + log(sqrt((x0)^2))),6.0,k_ex=4+dedup,1582.2731173038483
20280779,2,full,4,5,0.0,(((2.67 / x0) / x1) + log(x0)),1.2125657912278573,polynomial,712.653835837976,587.7238505271824,False,"{'degree': 1, 'alpha': 1.0}",,,1.196410894393921
20280779,2,full,4,5,0.0,(((2.67 / x0) / x1) + log(x0)),1.2125657912278573,random_forest,583.2084782992689,480.97058528156697,False,{'max_depth': 4},,,15.042438983917236
20280779,2,full,4,5,0.0,(((2.67 / x0) / x1) + log(x0)),1.2125657912278573,mlp,32223.552718099927,26574.68398928689,False,"{'hidden': (256,), 'alpha': 0.01}",,,394.94736409187317
20280780,2,full,4,5,0.0,(sqrt((x0 + x1)) - (-1.06 - -1.98)),0.7719192671553035,SR (ours),3.3506366207476936e-31,4.340656806113345e-31,True,1*sqrt((x0 + x1)) + -0.92,2.0,k_ex=4+dedup,0.7267310619354248
20280780,2,full,4,5,0.0,(sqrt((x0 + x1)) - (-1.06 - -1.98)),0.7719192671553035,polynomial,1.7318502374148923,2.2435639465214425,False,"{'degree': 2, 'alpha': 1.0}",,,1.5417401790618896
20280780,2,full,4,5,0.0,(sqrt((x0 + x1)) - (-1.06 - -1.98)),0.7719192671553035,random_forest,0.6498776801563442,0.8418985090905814,False,{'max_depth': 8},,,20.704664945602417
20280780,2,full,4,5,0.0,(sqrt((x0 + x1)) - (-1.06 - -1.98)),0.7719192671553035,mlp,0.06819371290754339,0.08834306359375198,False,"{'hidden': (256,), 'alpha': 0.0001}",,,47.342869997024536
20280781,2,full,4,5,0.0,(sqrt((x1 - -1.28)) + (x0 / x0)),0.37352263086272974,SR (ours),9.35038988000003e-31,2.503299427508133e-30,True,1*sqrt((((cos(x1) * 2.5e-15) + x1) + 1.28)) + 1,5.0,poly_deg=3,371.60622119903564
20280781,2,full,4,5,0.0,(sqrt((x1 - -1.28)) + (x0 / x0)),0.37352263086272974,polynomial,1.5053978413744746,4.0302721093429845,False,"{'degree': 3, 'alpha': 1.0}",,,0.7355902194976807
20280781,2,full,4,5,0.0,(sqrt((x1 - -1.28)) + (x0 / x0)),0.37352263086272974,random_forest,0.08969910958760467,0.2401437079740672,False,{'max_depth': 8},,,7.458730936050415
20280781,2,full,4,5,0.0,(sqrt((x1 - -1.28)) + (x0 / x0)),0.37352263086272974,mlp,0.03314915495018929,0.08874738024205998,False,"{'hidden': (64, 64), 'alpha': 0.01}",,,38.59266901016235
20280782,2,full,4,6,0.0,(((x0 - sqrt(x1)) + x0) * x0),1621.9243418527194,SR (ours),3.2103454212007842e-28,1.979343510890043e-31,True,-1*(sqrt(x1) * x0) + 2*x0^2,3.0,k_ex=4+dedup,0.4239354133605957
20280782,2,full,4,6,0.0,(((x0 - sqrt(x1)) + x0) * x0),1621.9243418527194,polynomial,563.9446432702252,0.3477009554132673,False,"{'degree': 6, 'alpha': 1.0}",,,1.2206029891967773
20280782,2,full,4,6,0.0,(((x0 - sqrt(x1)) + x0) * x0),1621.9243418527194,random_forest,1264.6886346105566,0.7797457637055416,False,{'max_depth': None},,,11.889878988265991
20280782,2,full,4,6,0.0,(((x0 - sqrt(x1)) + x0) * x0),1621.9243418527194,mlp,187.2762156504332,0.11546544485330809,False,"{'hidden': (256,), 'alpha': 0.0001}",,,187.66495490074158
20280783,2,full,4,8,0.0,(sqrt((x1 + sqrt(x0))) + x0),29.154592687656457,SR (ours),7.379585767908572e-30,2.531191516536933e-31,True,1*sqrt((sqrt(x0) + x1)) + 1*x0,4.0,k_ex=4+dedup,152.51751947402954
20280783,2,full,4,8,0.0,(sqrt((x1 + sqrt(x0))) + x0),29.154592687656457,polynomial,0.759791390012603,0.026060778764859415,False,"{'degree': 2, 'alpha': 0.0001}",,,0.7626750469207764
20280783,2,full,4,8,0.0,(sqrt((x1 + sqrt(x0))) + x0),29.154592687656457,random_forest,2.677849065093671,0.0918499906269459,False,{'max_depth': 8},,,7.766475677490234
20280783,2,full,4,8,0.0,(sqrt((x1 + sqrt(x0))) + x0),29.154592687656457,mlp,0.13867160381840135,0.004756423981087291,False,"{'hidden': (64, 64), 'alpha': 0.01}",,,46.33676815032959
20280784,2,full,4,4,0.0,(sin(x1) * (x1 * sin(x0))),6.437416980841682,SR (ours),5.271157957669743e-32,8.188312134132636e-33,True,1*((sin(x0) * sin(x1)) * x1),4.0,k_ex=4+dedup,734.2492699623108
20280784,2,full,4,4,0.0,(sin(x1) * (x1 * sin(x0))),6.437416980841682,polynomial,6.8547593493169465,1.064830718550206,False,"{'degree': 1, 'alpha': 1.0}",,,5.254173994064331
20280784,2,full,4,4,0.0,(sin(x1) * (x1 * sin(x0))),6.437416980841682,random_forest,13.88825432614351,2.1574265528357373,False,{'max_depth': 8},,,27.54717516899109
20280784,2,full,4,4,0.0,(sin(x1) * (x1 * sin(x0))),6.437416980841682,mlp,30.236358311731635,4.696970601984878,False,"{'hidden': (256,), 'alpha': 0.01}",,,161.2068190574646
20280785,2,full,4,4,0.0,cos((exp((x0 * x1)) * x0)),0.4954938885107004,SR (ours),0.0,0.0,True,1*cos((exp((x0 * x1)) * x0)),4.0,k_ex=4+dedup,1513.1514880657196
20280785,2,full,4,4,0.0,cos((exp((x0 * x1)) * x0)),0.4954938885107004,polynomial,0.5194721756831726,1.0483927001492257,False,"{'degree': 1, 'alpha': 1.0}",,,1.125715970993042
20280785,2,full,4,4,0.0,cos((exp((x0 * x1)) * x0)),0.4954938885107004,random_forest,0.35839492783950555,0.7233084729192696,False,{'max_depth': 8},,,14.580785036087036
20280785,2,full,4,4,0.0,cos((exp((x0 * x1)) * x0)),0.4954938885107004,mlp,3.095091326203831,6.246477298653889,False,"{'hidden': (64, 64), 'alpha': 0.0001}",,,350.32002305984497
20280786,2,full,4,7,0.0,cos(sqrt(exp((x1 + x0)))),0.5184537669636924,SR (ours),3.5111828179965596e-32,6.772412588608793e-32,True,1*cos(sqrt(exp((x0 + x1)))),4.0,k_ex=4+dedup,571.3998999595642
20280786,2,full,4,7,0.0,cos(sqrt(exp((x1 + x0)))),0.5184537669636924,polynomial,0.429413262844665,0.8282575809208791,False,"{'degree': 1, 'alpha': 1.0}",,,7.07492995262146
20280786,2,full,4,7,0.0,cos(sqrt(exp((x1 + x0)))),0.5184537669636924,random_forest,0.31610950946137367,0.60971590834928,False,{'max_depth': 4},,,29.058293104171753
20280786,2,full,4,7,0.0,cos(sqrt(exp((x1 + x0)))),0.5184537669636924,mlp,0.806511464588592,1.5556092287879402,False,"{'hidden': (256,), 'alpha': 0.01}",,,273.4128978252411
20280787,2,full,6,8,0.0,sin(exp(((sqrt(x1) * x1) + cos(x0)))),0.27912104493275647,SR (ours),0.4804692473767807,1.7213651786540545,False,-0.694*sqrt(x1) + 0.847 + -0.0317*x0 + 0.00472*x0^2 + -0.0111*x1 + 0.0285*x1^2 + -0.0109*x0*x1,6.0,k_ex=4+dedup,1077.2751896381378
20280787,2,full,6,8,0.0,sin(exp(((sqrt(x1) * x1) + cos(x0)))),0.27912104493275647,polynomial,0.31129200968202325,1.1152581123254863,False,"{'degree': 1, 'alpha': 1.0}",,,1.0710649490356445
20280787,2,full,6,8,0.0,sin(exp(((sqrt(x1) * x1) + cos(x0)))),0.27912104493275647,random_forest,0.30241342051868747,1.0834490125656502,False,{'max_depth': 4},,,11.015959978103638
20280787,2,full,6,8,0.0,sin(exp(((sqrt(x1) * x1) + cos(x0)))),0.27912104493275647,mlp,2.2314951649015358,7.9947220226233,False,"{'hidden': (256,), 'alpha': 0.01}",,,226.71219277381897
20280788,2,full,6,7,0.0,(((x0 / -2.61) + (x0 + -1.28)) - (sqrt(x0) * x1)),130.33512434646667,SR (ours),6.08561121617312e-29,4.669202754582017e-31,True,-1*(sqrt(x0) * x1) + -1.28 + 0.617*x0,3.0,k_ex=4+dedup,0.3027000427246094
20280788,2,full,6,7,0.0,(((x0 / -2.61) + (x0 + -1.28)) - (sqrt(x0) * x1)),130.33512434646667,polynomial,52.73551272273315,0.4046147420901493,False,"{'degree': 5, 'alpha': 1.0}",,,0.6656720638275146
20280788,2,full,6,7,0.0,(((x0 / -2.61) + (x0 + -1.28)) - (sqrt(x0) * x1)),130.33512434646667,random_forest,21.51505483549223,0.16507487865127812,False,{'max_depth': 8},,,7.549244165420532
20280788,2,full,6,7,0.0,(((x0 / -2.61) + (x0 + -1.28)) - (sqrt(x0) * x1)),130.33512434646667,mlp,1.5856929204780719,0.012166274658724099,False,"{'hidden': (64, 64), 'alpha': 0.0001}",,,72.65841317176819
20280789,2,full,6,5,0.0,((((x0 / x0) + (x1)^2) + (x1 / -3)))^2,1717956.6389252488,SR (ours),6.408831411054961e-25,3.730496606168312e-31,True,-1*((x1 - ((-0.167 - x1))^2) * (x1)^2) + 1 + -0.667*x1 + 2.08*x1^2,7.0,k_ex=4+dedup,74.09447693824768
20280789,2,full,6,5,0.0,((((x0 / x0) + (x1)^2) + (x1 / -3)))^2,1717956.6389252488,polynomial,0.00017508949559940523,1.0191729618329655e-10,False,"{'degree': 4, 'alpha': 0.0001}",,,0.696901798248291
20280789,2,full,6,5,0.0,((((x0 / x0) + (x1)^2) + (x1 / -3)))^2,1717956.6389252488,random_forest,2347051.0896906443,1.366187618774218,False,{'max_depth': 8},,,8.875012874603271
20280789,2,full,6,5,0.0,((((x0 / x0) + (x1)^2) + (x1 / -3)))^2,1717956.6389252488,mlp,1479792.652226175,0.8613678708165365,False,"{'hidden': (64, 64), 'alpha': 0.01}",,,142.5508348941803
20280790,2,full,6,4,0.0,((exp(x1) + (x1 - x0)) - ((x0 - x1) + x1)),338604.5014339052,SR (ours),5.310607119459307e-25,1.5683805433685072e-30,True,1*exp(x1) + -2*x0 + 1*x1,3.0,k_ex=4+dedup,0.03367733955383301
20280790,2,full,6,4,0.0,((exp(x1) + (x1 - x0)) - ((x0 - x1) + x1)),338604.5014339052,polynomial,11544.240089777455,0.03409358127517647,False,"{'degree': 8, 'alpha': 0.0001}",,,0.6583490371704102
20280790,2,full,6,4,0.0,((exp(x1) + (x1 - x0)) - ((x0 - x1) + x1)),338604.5014339052,random_forest,355018.0606377361,1.0484741317210007,False,{'max_depth': 8},,,8.395488977432251
20280790,2,full,6,4,0.0,((exp(x1) + (x1 - x0)) - ((x0 - x1) + x1)),338604.5014339052,mlp,295915.9903852859,0.8739281053032546,False,"{'hidden': (256,), 'alpha': 0.0001}",,,178.55259919166565
20280791,2,full,6,2,0.0,(x0 - (((x0 - x0) + x0) - ((0.21 + x1) * x0))),689.2356705206372,SR (ours),2.899087900811523e-29,4.20623601593574e-32,True,0.105*x0 + 0.105*x0 + 1*x0*x1,2.0,k_ex=4+dedup,0.016824960708618164
20280791,2,full,6,2,0.0,(x0 - (((x0 - x0) + x0) - ((0.21 + x1) * x0))),689.2356705206372,polynomial,4.48799882195131e-10,6.511559128332911e-13,False,"{'degree': 2, 'alpha': 0.0001}",,,1.3711869716644287
20280791,2,full,6,2,0.0,(x0 - (((x0 - x0) + x0) - ((0.21 + x1) * x0))),689.2356705206372,random_forest,538.3947549755802,0.7811475493845026,False,{'max_depth': None},,,11.055315971374512
20280791,2,full,6,2,0.0,(x0 - (((x0 - x0) + x0) - ((0.21 + x1) * x0))),689.2356705206372,mlp,23.372444416864887,0.033910671511254965,False,"{'hidden': (256,), 'alpha': 0.0001}",,,210.09865593910217
20280792,2,full,6,4,0.0,(sqrt(1.03) - sin((x1 * (cos(-0.99) / x0)))),0.3325958075128552,SR (ours),4.902996100493325e-27,1.4741605244990402e-26,True,-1*sin((0.549 / (x0 / x1))) + 1.01,3.0,poly_deg=3,549.745069026947
20280792,2,full,6,4,0.0,(sqrt(1.03) - sin((x1 * (cos(-0.99) / x0)))),0.3325958075128552,polynomial,0.9251390491482663,2.7815715900523146,False,"{'degree': 2, 'alpha': 1.0}",,,0.9946122169494629
20280792,2,full,6,4,0.0,(sqrt(1.03) - sin((x1 * (cos(-0.99) / x0)))),0.3325958075128552,random_forest,0.1328141747990928,0.3993260642467941,False,{'max_depth': None},,,9.004668235778809
20280792,2,full,6,4,0.0,(sqrt(1.03) - sin((x1 * (cos(-0.99) / x0)))),0.3325958075128552,mlp,0.15685364048750447,0.47160438269036775,False,"{'hidden': (64, 64), 'alpha': 0.0001}",,,195.25349283218384
20280793,2,full,6,6,0.0,((sqrt(((x1 / (x1 / x0)) * x1)) + x1))^2,3507.630467714296,SR (ours),1.1997075352396991e-27,3.4202791493639683e-31,True,1*((sqrt((x0 * x1)) + x1))^2,4.0,k_ex=4+dedup,1532.5279169082642
20280793,2,full,6,6,0.0,((sqrt(((x1 / (x1 / x0)) * x1)) + x1))^2,3507.630467714296,polynomial,684.3217536271296,0.19509516750008715,False,"{'degree': 4, 'alpha': 1.0}",,,0.6440908908843994
20280793,2,full,6,6,0.0,((sqrt(((x1 / (x1 / x0)) * x1)) + x1))^2,3507.630467714296,random_forest,1937.3736124859183,0.552331162110239,False,{'max_depth': 4},,,8.489892959594727
20280793,2,full,6,6,0.0,((sqrt(((x1 / (x1 / x0)) * x1)) + x1))^2,3507.630467714296,mlp,233.47970274832807,0.06656336945906169,False,"{'hidden': (64, 64), 'alpha': 0.0001}",,,156.5472240447998
20280794,2,full,6,4,0.0,(((x0 * sin((x1 / x1))) + (1.77 * 0.34)))^2,228.64931555467933,SR (ours),1.0999963374853783e-27,4.810844654474045e-30,True,0.506*x0 + 0.362 + 0.506*x0 + 0.708*x0^2,2.0,k_ex=4+dedup,1.7817158699035645
20280794,2,full,6,4,0.0,(((x0 * sin((x1 / x1))) + (1.77 * 0.34)))^2,228.64931555467933,polynomial,3.306895185359464e-10,1.4462738177620528e-12,False,"{'degree': 2, 'alpha': 0.0001}",,,11.56541895866394
20280794,2,full,6,4,0.0,(((x0 * sin((x1 / x1))) + (1.77 * 0.34)))^2,228.64931555467933,random_forest,170.90103570734794,0.7474373377972284,False,{'max_depth': None},,,35.37335228919983
20280794,2,full,6,4,0.0,(((x0 * sin((x1 / x1))) + (1.77 * 0.34)))^2,228.64931555467933,mlp,20.237460313076898,0.08850872902891896,False,"{'hidden': (256,), 'alpha': 0.0001}",,,252.0257842540741
20280795,2,full,6,3,0.0,((1.66 / (x0 * sin(x1))) * ((x1 + x1) * x0)),74392.65591404073,SR (ours),5.682046463022374e-27,7.637913169262121e-32,True,3.32*(x1 / sin(x1)),2.0,k_ex=4+dedup,1.8198857307434082
20280795,2,full,6,3,0.0,((1.66 / (x0 * sin(x1))) * ((x1 + x1) * x0)),74392.65591404073,polynomial,75516.9506035434,1.0151129795769325,False,"{'degree': 1, 'alpha': 0.0001}",,,4.090678930282593
20280795,2,full,6,3,0.0,((1.66 / (x0 * sin(x1))) * ((x1 + x1) * x0)),74392.65591404073,random_forest,100809.6431050627,1.355102084559883,False,{'max_depth': None},,,44.36943578720093
20280795,2,full,6,3,0.0,((1.66 / (x0 * sin(x1))) * ((x1 + x1) * x0)),74392.65591404073,mlp,85377.66305528104,1.1476625213372307,False,"{'hidden': (256,), 'alpha': 0.01}",,,237.6786322593689
20280796,2,full,6,7,0.0,sin(sqrt(exp(((x1 + x0) * (1.53 + 1.24))))),0.2817757094355093,SR (ours),0.6268303605228569,2.224572024957748,False,-0.137*(cos((exp(x0) / (x0 + x1))) * x0) + -0.0224 + 0.0322*x0 + -0.011*x0^2 + 0.0264*x1 + 0.00411*x1^2 + -0.0116*x0*x1,10.0,k_ex=4+dedup,1509.6975739002228
20280796,2,full,6,7,0.0,sin(sqrt(exp(((x1 + x0) * (1.53 + 1.24))))),0.2817757094355093,polynomial,0.3240342582556672,1.149972291454135,False,"{'degree': 1, 'alpha': 1.0}",,,0.4903271198272705
20280796,2,full,6,7,0.0,sin(sqrt(exp(((x1 + x0) * (1.53 + 1.24))))),0.2817757094355093,random_forest,0.47227559025211674,1.6760692083722981,False,{'max_depth': 4},,,5.997490882873535
20280796,2,full,6,7,0.0,sin(sqrt(exp(((x1 + x0) * (1.53 + 1.24))))),0.2817757094355093,mlp,0.5169020015324501,1.8344448588843134,False,"{'hidden': (64, 64), 'alpha': 0.01}",,,115.38744306564331
20280797,2,full,6,6,0.0,(((x1 + x0) * -2.18) + (2.52 * ((x1 * x0) - x0))),4641.034674762129,SR (ours),4.612995106516085e-28,9.939583368341282e-32,True,-2.35*x0 + -2.35*x0 + -2.18*x1 + 2.52*x0*x1,3.0,k_ex=4+dedup,0.023466110229492188
20280797,2,full,6,6,0.0,(((x1 + x0) * -2.18) + (2.52 * ((x1 * x0) - x0))),4641.034674762129,polynomial,3.490791103006627e-09,7.521579448629187e-13,False,"{'degree': 2, 'alpha': 0.0001}",,,0.9245781898498535
20280797,2,full,6,6,0.0,(((x1 + x0) * -2.18) + (2.52 * ((x1 * x0) - x0))),4641.034674762129,random_forest,1341.8268564559144,0.2891223510465774,False,{'max_depth': 8},,,9.518030881881714
20280797,2,full,6,6,0.0,(((x1 + x0) * -2.18) + (2.52 * ((x1 * x0) - x0))),4641.034674762129,mlp,149.8129462720427,0.03228007476150158,False,"{'hidden': (256,), 'alpha': 0.0001}",,,212.32113099098206
20280798,2,full,6,8,0.0,sin((x0 / sqrt((x1 - cos((x0)^2))))),0.46287894081176073,SR (ours),4.283238344662784,9.253474217580901,False,-0.0932*(sqrt((x0 / (sqrt((x1 / x0)) / x0))) * x0) + 0.114 + 0.567*x0 + 0.000581*x0^2 + 0.00179*x1 + -0.00746*x1^2 + 0.00112*x0*x1,11.0,k_ex=4+dedup,1494.468326807022
20280798,2,full,6,8,0.0,sin((x0 / sqrt((x1 - cos((x0)^2))))),0.46287894081176073,polynomial,3.839276102274696,8.294341703127982,False,"{'degree': 3, 'alpha': 1.0}",,,0.15205717086791992
20280798,2,full,6,8,0.0,sin((x0 / sqrt((x1 - cos((x0)^2))))),0.46287894081176073,random_forest,0.32139927178246486,0.6943484428538055,False,{'max_depth': 8},,,1.9668359756469727
20280798,2,full,6,8,0.0,sin((x0 / sqrt((x1 - cos((x0)^2))))),0.46287894081176073,mlp,0.7060249305185567,1.5252906716395127,False,"{'hidden': (256,), 'alpha': 0.01}",,,32.694851875305176
20280799,2,full,6,7,0.0,log(((x0 / (x1 - -0.41)) / ((x0 + 1.2) / x1))),0.4535073195353761,SR (ours),0.48552432065884576,1.0705986425010108,False,-2.01*log(sqrt((((0.0565 / x0) + (0.0119 / x1)) + 0.0534))) + -2.95 + -0.0229*x0 + 0.00542*x0^2 + 0.000621*x0^3 + -0.0903*x1 + -0.00347*x1^2 + 0.00392*x1^3 + -0.00149*x0*x1,13.0,poly_deg=3,1426.2855141162872
20280799,2,full,6,7,0.0,log(((x0 / (x1 - -0.41)) / ((x0 + 1.2) / x1))),0.4535073195353761,polynomial,0.6987446401452908,1.5407571389612045,False,"{'degree': 1, 'alpha': 1.0}",,,0.5321018695831299
20280799,2,full,6,7,0.0,log(((x0 / (x1 - -0.41)) / ((x0 + 1.2) / x1))),0.4535073195353761,random_forest,0.11881384344882459,0.2619888110528202,False,{'max_depth': 8},,,3.6530990600585938
20280799,2,full,6,7,0.0,log(((x0 / (x1 - -0.41)) / ((x0 + 1.2) / x1))),0.4535073195353761,mlp,0.14465640470127195,0.31897259089329416,False,"{'hidden': (256,), 'alpha': 0.0001}",,,20.47918200492859
20280800,2,full,6,6,0.0,cos(((((x1 + x0) / x1))^2 / (x1 / x0))),0.4986118131961423,SR (ours),1.0720164547887265,2.1500021187163894,False,0.518*cos(((x1 - ((x0 * -2.44) + x0)) / x1)) + 0.503 + -0.0248*x0 + -0.0229*x0^2 + 0.00106*x0^3 + 0.0528*x1 + 0.00507*x1^2 + -0.00362*x1^3 + -0.00794*x0*x1,12.0,poly_deg=3,1365.813553094864
20280800,2,full,6,6,0.0,cos(((((x1 + x0) / x1))^2 / (x1 / x0))),0.4986118131961423,polynomial,0.5008431352068712,1.004475068483488,False,"{'degree': 1, 'alpha': 1.0}",,,1.2975003719329834
20280800,2,full,6,6,0.0,cos(((((x1 + x0) / x1))^2 / (x1 / x0))),0.4986118131961423,random_forest,0.3775428362642389,0.75718790905526,False,{'max_depth': None},,,5.218601942062378
20280800,2,full,6,6,0.0,cos(((((x1 + x0) / x1))^2 / (x1 / x0))),0.4986118131961423,mlp,0.6142648883224846,1.2319501304732368,False,"{'hidden': (256,), 'alpha': 0.01}",,,44.12449598312378
20280801,2,full,6,7,0.0,((log(1.74) * (-1.12 + x0)) * (x1 - (x0 / x1))),6162.759812564407,SR (ours),3.1074390045185e-28,5.042284786408791e-32,True,-0.554*(x0 / (x1 / (x0 + -1.12))) + -0.62*x1 + 0.554*x0*x1,5.0,poly_deg=3,602.1353390216827
20280801,2,full,6,7,0.0,((log(1.74) * (-1.12 + x0)) * (x1 - (x0 / x1))),6162.759812564407,polynomial,6129.452598380608,0.9945954060848041,False,"{'degree': 1, 'alpha': 1.0}",,,0.8891582489013672
20280801,2,full,6,7,0.0,((log(1.74) * (-1.12 + x0)) * (x1 - (x0 / x1))),6162.759812564407,random_forest,5298.501718822821,0.8597611914098018,False,{'max_depth': None},,,9.887806177139282
20280801,2,full,6,7,0.0,((log(1.74) * (-1.12 + x0)) * (x1 - (x0 / x1))),6162.759812564407,mlp,6081.9256944340705,0.9868834547201507,False,"{'hidden': (64, 64), 'alpha': 0.0001}",,,100.67654085159302
