seed,d,op_set,n_ops,eff_ops,truth,config,k_exhaustive,dedup,beam_width,poly_degree,mse_test,nmse_test,cv_score,recovered,complexity,n_fitted,n_skipped,time_s
20300712,1,trig,4,3,cos(((-1.96 + x0) + (x0 - -1.54))),default,3,none,15,2,9.847924241042416e-31,2.000640753111561e-30,-27.631021115928547,True,4,825,0,1.2440292835235596
20300712,1,trig,4,3,cos(((-1.96 + x0) + (x0 - -1.54))),k_ex=2,2,none,15,2,2.5888520788521452e-30,5.259344858831838e-30,-27.631021115928547,True,3,373,0,0.8059360980987549
20300712,1,trig,4,3,cos(((-1.96 + x0) + (x0 - -1.54))),k_ex=4,4,none,15,2,5.239585719584562e-21,1.0644404306376599e-20,-27.631021109505216,True,6,3440,0,8.06872820854187
20300712,1,trig,4,3,cos(((-1.96 + x0) + (x0 - -1.54))),dedup=affine,3,affine,15,2,9.614375142630083e-31,1.9531944250631723e-30,-27.631021115928547,True,4,609,202,1.0149202346801758
20300712,1,trig,4,3,cos(((-1.96 + x0) + (x0 - -1.54))),dedup=background,3,background,15,2,2.7875802134066805e-30,5.6630681156808934e-30,-27.631021115928547,True,4,511,279,1.2046959400177002
20300712,1,trig,4,3,cos(((-1.96 + x0) + (x0 - -1.54))),k_ex=4+dedup,4,background,15,2,8.998374725398055e-31,1.8280517545385597e-30,-27.631021115928547,True,6,1982,1383,10.026872158050537
20300712,1,trig,4,3,cos(((-1.96 + x0) + (x0 - -1.54))),beam=5,3,none,5,2,3.1727244522867894e-20,6.445502303099173e-20,-27.63102108174586,True,5,982,0,3.7506277561187744
20300712,1,trig,4,3,cos(((-1.96 + x0) + (x0 - -1.54))),beam=40,3,none,40,2,4.385213581597961e-30,8.908716992236458e-30,-27.631021115928547,True,5,1431,0,3.3015849590301514
20300712,1,trig,4,3,cos(((-1.96 + x0) + (x0 - -1.54))),poly_deg=0,3,none,15,0,2.5984779669921588e-30,5.278900192145171e-30,-27.631021115928547,True,5,1710,0,7.748133182525635
20300712,1,trig,4,3,cos(((-1.96 + x0) + (x0 - -1.54))),poly_deg=1,3,none,15,1,8.980857038384361e-31,1.8244929742634446e-30,-27.631021115928547,True,4,806,0,1.4920258522033691
20300712,1,trig,4,3,cos(((-1.96 + x0) + (x0 - -1.54))),poly_deg=3,3,none,15,3,2.6348923369523835e-30,5.352877276816159e-30,-27.631021115928547,True,5,836,0,1.8174431324005127
20300713,1,trig,4,4,((x0 * 2.45) - (2.19 * sin(x0))),default,3,none,15,2,9.971694880059352e-30,4.078709743840153e-32,-27.631021115928547,True,2,4,0,0.0024330615997314453
20300713,1,trig,4,4,((x0 * 2.45) - (2.19 * sin(x0))),k_ex=2,2,none,15,2,9.971694880059352e-30,4.078709743840153e-32,-27.631021115928547,True,2,4,0,0.001708984375
20300713,1,trig,4,4,((x0 * 2.45) - (2.19 * sin(x0))),k_ex=4,4,none,15,2,9.971694880059352e-30,4.078709743840153e-32,-27.631021115928547,True,2,4,0,0.0015709400177001953
20300713,1,trig,4,4,((x0 * 2.45) - (2.19 * sin(x0))),dedup=affine,3,affine,15,2,9.971694880059352e-30,4.078709743840153e-32,-27.631021115928547,True,2,4,0,0.0016820430755615234
20300713,1,trig,4,4,((x0 * 2.45) - (2.19 * sin(x0))),dedup=background,3,background,15,2,9.971694880059352e-30,4.078709743840153e-32,-27.631021115928547,True,2,3,1,0.0017399787902832031
20300713,1,trig,4,4,((x0 * 2.45) - (2.19 * sin(x0))),k_ex=4+dedup,4,background,15,2,9.971694880059352e-30,4.078709743840153e-32,-27.631021115928547,True,2,3,1,0.0015490055084228516
20300713,1,trig,4,4,((x0 * 2.45) - (2.19 * sin(x0))),beam=5,3,none,5,2,9.971694880059352e-30,4.078709743840153e-32,-27.631021115928547,True,2,4,0,0.003833770751953125
20300713,1,trig,4,4,((x0 * 2.45) - (2.19 * sin(x0))),beam=40,3,none,40,2,9.971694880059352e-30,4.078709743840153e-32,-27.631021115928547,True,2,4,0,0.0015239715576171875
20300713,1,trig,4,4,((x0 * 2.45) - (2.19 * sin(x0))),poly_deg=0,3,none,15,0,1.1204290044467183e-29,4.5828765848587135e-32,-27.631021115928547,True,4,839,0,1.4032652378082275
20300713,1,trig,4,4,((x0 * 2.45) - (2.19 * sin(x0))),poly_deg=1,3,none,15,1,9.971694880059352e-30,4.078709743840153e-32,-27.631021115928547,True,2,4,0,0.0020639896392822266
20300713,1,trig,4,4,((x0 * 2.45) - (2.19 * sin(x0))),poly_deg=3,3,none,15,3,9.971694880059352e-30,4.078709743840153e-32,-27.631021115928547,True,2,4,0,0.0018842220306396484
20300714,1,trig,4,3,sin(((x0 + x0) * (x0 * x0))),default,3,none,15,2,0.8539961720163245,1.6717804924940156,-0.211624187391349,False,5,4219,0,185.15393900871277
20300714,1,trig,4,3,sin(((x0 + x0) * (x0 * x0))),k_ex=2,2,none,15,2,0.8539961720163245,1.6717804924940156,-0.211624187391349,False,5,4498,0,418.2650911808014
20300714,1,trig,4,3,sin(((x0 + x0) * (x0 * x0))),k_ex=4,4,none,15,2,7.39418436625779e-28,1.4474834415508017e-27,-27.631021115928547,True,7,4840,0,225.88204526901245
20300714,1,trig,4,3,sin(((x0 + x0) * (x0 * x0))),dedup=affine,3,affine,15,2,0.8539961720163245,1.6717804924940156,-0.211624187391349,False,5,3380,847,234.6643328666687
20300714,1,trig,4,3,sin(((x0 + x0) * (x0 * x0))),dedup=background,3,background,15,2,0.2842410478133113,0.5564294717837086,-0.7424947274101943,False,9,3112,1156,207.42087984085083
20300714,1,trig,4,3,sin(((x0 + x0) * (x0 * x0))),k_ex=4+dedup,4,background,15,2,7.5232335290379545e-28,1.4727460691805238e-27,-27.631021115928547,True,7,3075,1679,118.18315577507019
20300714,1,trig,4,3,sin(((x0 + x0) * (x0 * x0))),beam=5,3,none,5,2,0.8539961720163245,1.6717804924940156,-0.211624187391349,False,5,2229,0,130.89400792121887
20300714,1,trig,4,3,sin(((x0 + x0) * (x0 * x0))),beam=40,3,none,40,2,0.8539961720163245,1.6717804924940156,-0.211624187391349,False,5,9074,0,641.1249969005585
20300714,1,trig,4,3,sin(((x0 + x0) * (x0 * x0))),poly_deg=0,3,none,15,0,0.5719966480114969,1.1197390213820622,-0.8509535492001584,False,1,4269,0,409.5183689594269
20300714,1,trig,4,3,sin(((x0 + x0) * (x0 * x0))),poly_deg=1,3,none,15,1,0.7165514179413615,1.4027190304084827,-0.6688797890100167,False,4,4213,0,324.18953013420105
20300714,1,trig,4,3,sin(((x0 + x0) * (x0 * x0))),poly_deg=3,3,none,15,3,1.1558096636886277,2.2626097307070605,-0.27234783558914505,False,6,4281,0,228.01820993423462
20300715,1,trig,4,3,sin(sin(((0.81 * x0) + x0))),default,3,none,15,2,3.432512623468908e-31,8.707692115643184e-31,-27.631021115928547,True,5,1767,0,4.944586992263794
20300715,1,trig,4,3,sin(sin(((0.81 * x0) + x0))),k_ex=2,2,none,15,2,2.651952871274307e-31,6.727546739483028e-31,-27.631021115928547,True,3,368,0,0.5726132392883301
20300715,1,trig,4,3,sin(sin(((0.81 * x0) + x0))),k_ex=4,4,none,15,2,1.7686171559392896e-29,4.4866764827218484e-29,-27.631021115928547,True,7,4847,0,38.66261100769043
20300715,1,trig,4,3,sin(sin(((0.81 * x0) + x0))),dedup=affine,3,affine,15,2,5.157377998395521e-29,1.3083377880963268e-28,-27.631021115928547,True,7,2272,626,129.79528093338013
20300715,1,trig,4,3,sin(sin(((0.81 * x0) + x0))),dedup=background,3,background,15,2,2.6491730622334824e-31,6.7204948437078215e-31,-27.631021115928547,True,6,2031,853,72.94365501403809
20300715,1,trig,4,3,sin(sin(((0.81 * x0) + x0))),k_ex=4+dedup,4,background,15,2,5.520556771164402e-20,1.4004699747221276e-19,-27.631021107147646,True,6,1952,1523,41.62729787826538
20300715,1,trig,4,3,sin(sin(((0.81 * x0) + x0))),beam=5,3,none,5,2,3.8619805424867464e-31,9.797178105231182e-31,-27.631021115928547,True,6,1611,0,40.427910804748535
20300715,1,trig,4,3,sin(sin(((0.81 * x0) + x0))),beam=40,3,none,40,2,9.42983601834866e-31,2.392186650308659e-30,-27.631021115928547,True,6,3502,0,90.4309012889862
20300715,1,trig,4,3,sin(sin(((0.81 * x0) + x0))),poly_deg=0,3,none,15,0,2.5846525283055487e-31,6.55681738459521e-31,-27.631021115928547,True,6,2920,0,135.4062898159027
20300715,1,trig,4,3,sin(sin(((0.81 * x0) + x0))),poly_deg=1,3,none,15,1,2.6268843375233884e-30,6.663952195882194e-30,-27.631021115928547,True,7,2902,0,106.59991025924683
20300715,1,trig,4,3,sin(sin(((0.81 * x0) + x0))),poly_deg=3,3,none,15,3,2.799854628439683e-31,7.102747971359978e-31,-27.631021115928547,True,7,4368,0,379.45767617225647
20300716,1,trig,4,4,cos(cos((cos(x0) + x0))),default,3,none,15,2,3.702600318084461e-32,1.276138143094568e-30,-27.631021115928547,True,4,837,0,0.8622260093688965
20300716,1,trig,4,4,cos(cos((cos(x0) + x0))),k_ex=2,2,none,15,2,3.702600318084461e-32,1.276138143094568e-30,-27.631021115928547,True,5,1925,0,10.25687313079834
20300716,1,trig,4,4,cos(cos((cos(x0) + x0))),k_ex=4,4,none,15,2,3.702600318084461e-32,1.276138143094568e-30,-27.631021115928547,True,4,1447,0,0.17275786399841309
20300716,1,trig,4,4,cos(cos((cos(x0) + x0))),dedup=affine,3,affine,15,2,3.702600318084461e-32,1.276138143094568e-30,-27.631021115928547,True,4,617,220,1.0919990539550781
20300716,1,trig,4,4,cos(cos((cos(x0) + x0))),dedup=background,3,background,15,2,3.702600318084461e-32,1.276138143094568e-30,-27.631021115928547,True,4,505,309,1.156836986541748
20300716,1,trig,4,4,cos(cos((cos(x0) + x0))),k_ex=4+dedup,4,background,15,2,3.702600318084461e-32,1.276138143094568e-30,-27.631021115928547,True,4,515,932,0.10345292091369629
20300716,1,trig,4,4,cos(cos((cos(x0) + x0))),beam=5,3,none,5,2,1.649778913273772e-05,0.0005686127634729329,-10.360603428821602,False,9,2205,0,24.365572929382324
20300716,1,trig,4,4,cos(cos((cos(x0) + x0))),beam=40,3,none,40,2,3.702600318084461e-32,1.276138143094568e-30,-27.631021115928547,True,4,1544,0,2.9013588428497314
20300716,1,trig,4,4,cos(cos((cos(x0) + x0))),poly_deg=0,3,none,15,0,3.702600318084461e-32,1.276138143094568e-30,-27.631021115928547,True,4,866,0,1.7679240703582764
20300716,1,trig,4,4,cos(cos((cos(x0) + x0))),poly_deg=1,3,none,15,1,3.702600318084461e-32,1.276138143094568e-30,-27.631021115928547,True,4,842,0,1.7594959735870361
20300716,1,trig,4,4,cos(cos((cos(x0) + x0))),poly_deg=3,3,none,15,3,3.702600318084461e-32,1.276138143094568e-30,-27.631021115928547,True,4,823,0,1.6608519554138184
20300717,1,trig,4,3,(cos((-2.49 - x0)) + sin(2.15)),default,3,none,15,2,4.4344536969516106e-32,1.8135547099803166e-31,-27.631021115928547,True,4,875,0,1.3359620571136475
20300717,1,trig,4,3,(cos((-2.49 - x0)) + sin(2.15)),k_ex=2,2,none,15,2,9.381565870974798e-30,3.8367709158837106e-29,-27.631021115928547,True,4,368,0,0.9070751667022705
20300717,1,trig,4,3,(cos((-2.49 - x0)) + sin(2.15)),k_ex=4,4,none,15,2,1.4482752440548965e-30,5.922998794663728e-30,-27.631021115928547,True,6,2384,0,1.9158568382263184
20300717,1,trig,4,3,(cos((-2.49 - x0)) + sin(2.15)),dedup=affine,3,affine,15,2,1.7949667081689038e-31,7.340859890126624e-31,-27.631021115928547,True,4,623,226,1.1431488990783691
20300717,1,trig,4,3,(cos((-2.49 - x0)) + sin(2.15)),dedup=background,3,background,15,2,1.7949667081689038e-31,7.340859890126624e-31,-27.631021115928547,True,4,509,316,1.0907549858093262
20300717,1,trig,4,3,(cos((-2.49 - x0)) + sin(2.15)),k_ex=4+dedup,4,background,15,2,1.0985022920298696e-30,4.492535364625508e-30,-27.631021115928547,True,6,2006,1506,8.434760808944702
20300717,1,trig,4,3,(cos((-2.49 - x0)) + sin(2.15)),beam=5,3,none,5,2,4.4344536969516106e-32,1.8135547099803166e-31,-27.631021115928547,True,4,523,0,0.6705801486968994
20300717,1,trig,4,3,(cos((-2.49 - x0)) + sin(2.15)),beam=40,3,none,40,2,4.4344536969516106e-32,1.8135547099803166e-31,-27.631021115928547,True,4,1557,0,3.6797890663146973
20300717,1,trig,4,3,(cos((-2.49 - x0)) + sin(2.15)),poly_deg=0,3,none,15,0,1.0315762264624132e-31,4.218828410567674e-31,-27.631021115928547,True,4,852,0,1.8206250667572021
20300717,1,trig,4,3,(cos((-2.49 - x0)) + sin(2.15)),poly_deg=1,3,none,15,1,3.8867673690164904e-32,1.5895679040516943e-31,-27.631021115928547,True,4,875,0,1.6326189041137695
20300717,1,trig,4,3,(cos((-2.49 - x0)) + sin(2.15)),poly_deg=3,3,none,15,3,8.831592501230718e-32,3.611848780435826e-31,-27.631021115928547,True,4,858,0,1.6993238925933838
20300718,1,trig,4,4,sin(sin(((x0 * 0.41) - x0))),default,3,none,15,2,6.646774892046505e-31,1.8813988243317583e-30,-27.631021115928547,True,5,1799,0,5.365582227706909
20300718,1,trig,4,4,sin(sin(((x0 * 0.41) - x0))),k_ex=2,2,none,15,2,6.026105613291103e-31,1.7057156591403885e-30,-27.631021115928547,True,3,372,0,0.6680772304534912
20300718,1,trig,4,4,sin(sin(((x0 * 0.41) - x0))),k_ex=4,4,none,15,2,6.321292731445062e-31,1.7892696693291923e-30,-27.631021115928547,True,5,2418,0,1.6921939849853516
20300718,1,trig,4,4,sin(sin(((x0 * 0.41) - x0))),dedup=affine,3,affine,15,2,2.4479907778593973e-28,6.929145406971355e-28,-27.631021115928547,True,6,1356,429,5.551871061325073
20300718,1,trig,4,4,sin(sin(((x0 * 0.41) - x0))),dedup=background,3,background,15,2,2.4953234882473894e-18,7.06312272247058e-18,-27.631017188646684,True,5,1126,599,6.187896728515625
20300718,1,trig,4,4,sin(sin(((x0 * 0.41) - x0))),k_ex=4+dedup,4,background,15,2,1.5204575029851703e-18,4.303721737267894e-18,-27.631018774421563,True,6,1899,1641,9.8247389793396
20300718,1,trig,4,4,sin(sin(((x0 * 0.41) - x0))),beam=5,3,none,5,2,2.4953234882473894e-18,7.06312272247058e-18,-27.631017188646684,True,5,985,0,3.2523059844970703
20300718,1,trig,4,4,sin(sin(((x0 * 0.41) - x0))),beam=40,3,none,40,2,1.0415507105821005e-27,2.948155028863524e-27,-27.631021115928547,True,5,1533,0,3.099677324295044
20300718,1,trig,4,4,sin(sin(((x0 * 0.41) - x0))),poly_deg=0,3,none,15,0,2.2918987632508417e-24,6.487320104412188e-24,-27.631021115928355,True,5,1792,0,17.06857204437256
20300718,1,trig,4,4,sin(sin(((x0 * 0.41) - x0))),poly_deg=1,3,none,15,1,7.479594764743124e-31,2.117132146855806e-30,-27.631021115928547,True,5,1801,0,89.90775609016418
20300718,1,trig,4,4,sin(sin(((x0 * 0.41) - x0))),poly_deg=3,3,none,15,3,2.506021734867642e-23,7.093404579372095e-23,-27.6310211159285,True,6,1813,0,24.557724952697754
20300719,1,trig,4,3,(((0.82 * x0) * 0.91) * (-1.48 * x0)),default,3,none,15,2,5.574288371517975e-28,3.494984832735457e-30,,True,1,1,0,0.0013349056243896484
20300719,1,trig,4,3,(((0.82 * x0) * 0.91) * (-1.48 * x0)),k_ex=2,2,none,15,2,5.574288371517975e-28,3.494984832735457e-30,,True,1,1,0,0.0006883144378662109
20300719,1,trig,4,3,(((0.82 * x0) * 0.91) * (-1.48 * x0)),k_ex=4,4,none,15,2,5.574288371517975e-28,3.494984832735457e-30,,True,1,1,0,0.00026488304138183594
20300719,1,trig,4,3,(((0.82 * x0) * 0.91) * (-1.48 * x0)),dedup=affine,3,affine,15,2,5.574288371517975e-28,3.494984832735457e-30,,True,1,1,0,0.0002529621124267578
20300719,1,trig,4,3,(((0.82 * x0) * 0.91) * (-1.48 * x0)),dedup=background,3,background,15,2,5.574288371517975e-28,3.494984832735457e-30,,True,1,1,0,0.0006210803985595703
20300719,1,trig,4,3,(((0.82 * x0) * 0.91) * (-1.48 * x0)),k_ex=4+dedup,4,background,15,2,5.574288371517975e-28,3.494984832735457e-30,,True,1,1,0,0.0002751350402832031
20300719,1,trig,4,3,(((0.82 * x0) * 0.91) * (-1.48 * x0)),beam=5,3,none,5,2,5.574288371517975e-28,3.494984832735457e-30,,True,1,1,0,0.00017499923706054688
20300719,1,trig,4,3,(((0.82 * x0) * 0.91) * (-1.48 * x0)),beam=40,3,none,40,2,5.574288371517975e-28,3.494984832735457e-30,,True,1,1,0,0.000164031982421875
20300719,1,trig,4,3,(((0.82 * x0) * 0.91) * (-1.48 * x0)),poly_deg=0,3,none,15,0,5.574288371517975e-28,3.494984832735457e-30,-27.631021115928547,True,1,4,0,0.005825996398925781
20300719,1,trig,4,3,(((0.82 * x0) * 0.91) * (-1.48 * x0)),poly_deg=1,3,none,15,1,5.574288371517975e-28,3.494984832735457e-30,-27.631021115928547,True,1,4,0,0.006403207778930664
20300719,1,trig,4,3,(((0.82 * x0) * 0.91) * (-1.48 * x0)),poly_deg=3,3,none,15,3,5.574288371517975e-28,3.494984832735457e-30,,True,1,1,0,0.0010020732879638672
20300720,1,trig,6,4,((-2.66 - (2.38 * x0)) + (x0 + (x0 + (x0 * x0)))),default,3,none,15,2,8.850033280448226e-29,6.5820814900004955e-31,,True,2,1,0,0.00030684471130371094
20300720,1,trig,6,4,((-2.66 - (2.38 * x0)) + (x0 + (x0 + (x0 * x0)))),k_ex=2,2,none,15,2,8.850033280448226e-29,6.5820814900004955e-31,,True,2,1,0,0.00019669532775878906
20300720,1,trig,6,4,((-2.66 - (2.38 * x0)) + (x0 + (x0 + (x0 * x0)))),k_ex=4,4,none,15,2,8.850033280448226e-29,6.5820814900004955e-31,,True,2,1,0,0.0002498626708984375
20300720,1,trig,6,4,((-2.66 - (2.38 * x0)) + (x0 + (x0 + (x0 * x0)))),dedup=affine,3,affine,15,2,8.850033280448226e-29,6.5820814900004955e-31,,True,2,1,0,0.000225067138671875
20300720,1,trig,6,4,((-2.66 - (2.38 * x0)) + (x0 + (x0 + (x0 * x0)))),dedup=background,3,background,15,2,8.850033280448226e-29,6.5820814900004955e-31,,True,2,1,0,0.00024127960205078125
20300720,1,trig,6,4,((-2.66 - (2.38 * x0)) + (x0 + (x0 + (x0 * x0)))),k_ex=4+dedup,4,background,15,2,8.850033280448226e-29,6.5820814900004955e-31,,True,2,1,0,0.00022339820861816406
20300720,1,trig,6,4,((-2.66 - (2.38 * x0)) + (x0 + (x0 + (x0 * x0)))),beam=5,3,none,5,2,8.850033280448226e-29,6.5820814900004955e-31,,True,2,1,0,0.00016427040100097656
20300720,1,trig,6,4,((-2.66 - (2.38 * x0)) + (x0 + (x0 + (x0 * x0)))),beam=40,3,none,40,2,8.850033280448226e-29,6.5820814900004955e-31,,True,2,1,0,0.0001609325408935547
20300720,1,trig,6,4,((-2.66 - (2.38 * x0)) + (x0 + (x0 + (x0 * x0)))),poly_deg=0,3,none,15,0,2.1323896344255475e-28,1.585933283802348e-30,-27.631021115928547,True,4,874,0,1.5749049186706543
20300720,1,trig,6,4,((-2.66 - (2.38 * x0)) + (x0 + (x0 + (x0 * x0)))),poly_deg=1,3,none,15,1,9.476191623967404e-29,7.047777506284653e-31,-27.631021115928547,True,2,4,0,0.0017821788787841797
20300720,1,trig,6,4,((-2.66 - (2.38 * x0)) + (x0 + (x0 + (x0 * x0)))),poly_deg=3,3,none,15,3,9.934717025127117e-29,7.388798998524234e-31,,True,2,1,0,0.0002429485321044922
20300721,1,trig,6,2,(((x0 * (x0 * (x0)^2)) + (-2.23 + x0)) - x0),default,3,none,15,2,4.2409162264681595e-26,3.8001893218849434e-32,-27.63102111592852,True,2,25,0,0.00603485107421875
20300721,1,trig,6,2,(((x0 * (x0 * (x0)^2)) + (-2.23 + x0)) - x0),k_ex=2,2,none,15,2,4.2409162264681595e-26,3.8001893218849434e-32,-27.63102111592852,True,2,25,0,0.004719972610473633
20300721,1,trig,6,2,(((x0 * (x0 * (x0)^2)) + (-2.23 + x0)) - x0),k_ex=4,4,none,15,2,4.2409162264681595e-26,3.8001893218849434e-32,-27.63102111592852,True,2,25,0,0.006540060043334961
20300721,1,trig,6,2,(((x0 * (x0 * (x0)^2)) + (-2.23 + x0)) - x0),dedup=affine,3,affine,15,2,4.2409162264681595e-26,3.8001893218849434e-32,-27.63102111592852,True,2,21,4,0.005903959274291992
20300721,1,trig,6,2,(((x0 * (x0 * (x0)^2)) + (-2.23 + x0)) - x0),dedup=background,3,background,15,2,4.2409162264681595e-26,3.8001893218849434e-32,-27.63102111592852,True,2,14,11,0.005600929260253906
20300721,1,trig,6,2,(((x0 * (x0 * (x0)^2)) + (-2.23 + x0)) - x0),k_ex=4+dedup,4,background,15,2,4.2409162264681595e-26,3.8001893218849434e-32,-27.63102111592852,True,2,14,11,0.007380962371826172
20300721,1,trig,6,2,(((x0 * (x0 * (x0)^2)) + (-2.23 + x0)) - x0),beam=5,3,none,5,2,4.2409162264681595e-26,3.8001893218849434e-32,-27.63102111592852,True,2,25,0,0.004472970962524414
20300721,1,trig,6,2,(((x0 * (x0 * (x0)^2)) + (-2.23 + x0)) - x0),beam=40,3,none,40,2,4.2409162264681595e-26,3.8001893218849434e-32,-27.63102111592852,True,2,25,0,0.010122060775756836
20300721,1,trig,6,2,(((x0 * (x0 * (x0)^2)) + (-2.23 + x0)) - x0),poly_deg=0,3,none,15,0,4.2409162264681595e-26,3.8001893218849434e-32,-27.63102111592852,True,2,25,0,0.002537965774536133
20300721,1,trig,6,2,(((x0 * (x0 * (x0)^2)) + (-2.23 + x0)) - x0),poly_deg=1,3,none,15,1,4.2409162264681595e-26,3.8001893218849434e-32,-27.63102111592852,True,2,25,0,0.0030210018157958984
20300721,1,trig,6,2,(((x0 * (x0 * (x0)^2)) + (-2.23 + x0)) - x0),poly_deg=3,3,none,15,3,4.2409162264681595e-26,3.8001893218849434e-32,-27.63102111592852,True,2,25,0,0.01076197624206543
20300722,1,trig,6,6,(((x0 + sin(x0)) * (1.25 * (x0 + 1.28))) + -1.99),default,3,none,15,2,1.604838904058996e-28,3.5576421431764627e-31,-27.631021115928547,True,4,857,0,1.5556442737579346
20300722,1,trig,6,6,(((x0 + sin(x0)) * (1.25 * (x0 + 1.28))) + -1.99),k_ex=2,2,none,15,2,9.538807458319322e-28,2.1145837955156688e-30,-27.631021115928547,True,5,368,0,1.0836989879608154
20300722,1,trig,6,6,(((x0 + sin(x0)) * (1.25 * (x0 + 1.28))) + -1.99),k_ex=4,4,none,15,2,1.936653522317584e-28,4.293216079384683e-31,-27.631021115928547,True,7,2394,0,2.014896869659424
20300722,1,trig,6,6,(((x0 + sin(x0)) * (1.25 * (x0 + 1.28))) + -1.99),dedup=affine,3,affine,15,2,7.577995070779345e-29,1.6799065972541392e-31,-27.631021115928547,True,4,597,225,1.4278128147125244
20300722,1,trig,6,6,(((x0 + sin(x0)) * (1.25 * (x0 + 1.28))) + -1.99),dedup=background,3,background,15,2,2.7492689681194278e-18,6.09463985398835e-21,-27.631015650043352,True,7,1170,582,5.938575983047485
20300722,1,trig,6,6,(((x0 + sin(x0)) * (1.25 * (x0 + 1.28))) + -1.99),k_ex=4+dedup,4,background,15,2,1.936653522317584e-28,4.293216079384683e-31,-27.631021115928547,True,7,1141,1200,1.8953192234039307
20300722,1,trig,6,6,(((x0 + sin(x0)) * (1.25 * (x0 + 1.28))) + -1.99),beam=5,3,none,5,2,1.604838904058996e-28,3.5576421431764627e-31,-27.631021115928547,True,4,521,0,0.9739539623260498
20300722,1,trig,6,6,(((x0 + sin(x0)) * (1.25 * (x0 + 1.28))) + -1.99),beam=40,3,none,40,2,1.604838904058996e-28,3.5576421431764627e-31,-27.631021115928547,True,4,1554,0,4.289789199829102
20300722,1,trig,6,6,(((x0 + sin(x0)) * (1.25 * (x0 + 1.28))) + -1.99),poly_deg=0,3,none,15,0,4.962428131905927e-28,1.1000819714614776e-30,-27.631021115928547,True,4,855,0,1.8442728519439697
20300722,1,trig,6,6,(((x0 + sin(x0)) * (1.25 * (x0 + 1.28))) + -1.99),poly_deg=1,3,none,15,1,7.577995070779345e-29,1.6799065972541392e-31,-27.631021115928547,True,4,859,0,1.8010430335998535
20300722,1,trig,6,6,(((x0 + sin(x0)) * (1.25 * (x0 + 1.28))) + -1.99),poly_deg=3,3,none,15,3,4.078903918058394e-28,9.042203825038056e-31,-27.631021115928547,True,4,843,0,2.4386589527130127
20300723,1,trig,6,4,(-0.91 * ((cos(x0) - x0) - ((x0 + x0) - x0))),default,3,none,15,2,5.815383985676146e-29,4.117016781283909e-31,-27.631021115928547,True,2,4,0,0.003789186477661133
20300723,1,trig,6,4,(-0.91 * ((cos(x0) - x0) - ((x0 + x0) - x0))),k_ex=2,2,none,15,2,5.815383985676146e-29,4.117016781283909e-31,-27.631021115928547,True,2,4,0,0.005990743637084961
20300723,1,trig,6,4,(-0.91 * ((cos(x0) - x0) - ((x0 + x0) - x0))),k_ex=4,4,none,15,2,5.815383985676146e-29,4.117016781283909e-31,-27.631021115928547,True,2,4,0,0.00407099723815918
20300723,1,trig,6,4,(-0.91 * ((cos(x0) - x0) - ((x0 + x0) - x0))),dedup=affine,3,affine,15,2,5.815383985676146e-29,4.117016781283909e-31,-27.631021115928547,True,2,4,0,0.0019910335540771484
20300723,1,trig,6,4,(-0.91 * ((cos(x0) - x0) - ((x0 + x0) - x0))),dedup=background,3,background,15,2,5.815383985676146e-29,4.117016781283909e-31,-27.631021115928547,True,2,3,1,0.0017948150634765625
20300723,1,trig,6,4,(-0.91 * ((cos(x0) - x0) - ((x0 + x0) - x0))),k_ex=4+dedup,4,background,15,2,5.815383985676146e-29,4.117016781283909e-31,-27.631021115928547,True,2,3,1,0.0036182403564453125
20300723,1,trig,6,4,(-0.91 * ((cos(x0) - x0) - ((x0 + x0) - x0))),beam=5,3,none,5,2,5.815383985676146e-29,4.117016781283909e-31,-27.631021115928547,True,2,4,0,0.005215883255004883
20300723,1,trig,6,4,(-0.91 * ((cos(x0) - x0) - ((x0 + x0) - x0))),beam=40,3,none,40,2,5.815383985676146e-29,4.117016781283909e-31,-27.631021115928547,True,2,4,0,0.002167940139770508
20300723,1,trig,6,4,(-0.91 * ((cos(x0) - x0) - ((x0 + x0) - x0))),poly_deg=0,3,none,15,0,2.5391460386801317e-30,1.7975952881400705e-32,-27.631021115928547,True,3,178,0,0.019559144973754883
20300723,1,trig,6,4,(-0.91 * ((cos(x0) - x0) - ((x0 + x0) - x0))),poly_deg=1,3,none,15,1,5.815383985676146e-29,4.117016781283909e-31,-27.631021115928547,True,2,4,0,0.004925966262817383
20300723,1,trig,6,4,(-0.91 * ((cos(x0) - x0) - ((x0 + x0) - x0))),poly_deg=3,3,none,15,3,5.815383985676146e-29,4.117016781283909e-31,-27.631021115928547,True,2,4,0,0.002640962600708008
20300724,1,trig,6,3,(((x0)^2 + cos(x0)) + ((x0 - x0))^2),default,3,none,15,2,5.100971828385368e-28,4.0069597048862575e-30,-27.631021115928547,True,2,4,0,0.0045261383056640625
20300724,1,trig,6,3,(((x0)^2 + cos(x0)) + ((x0 - x0))^2),k_ex=2,2,none,15,2,5.100971828385368e-28,4.0069597048862575e-30,-27.631021115928547,True,2,4,0,0.0024187564849853516
20300724,1,trig,6,3,(((x0)^2 + cos(x0)) + ((x0 - x0))^2),k_ex=4,4,none,15,2,5.100971828385368e-28,4.0069597048862575e-30,-27.631021115928547,True,2,4,0,0.002178192138671875
20300724,1,trig,6,3,(((x0)^2 + cos(x0)) + ((x0 - x0))^2),dedup=affine,3,affine,15,2,5.100971828385368e-28,4.0069597048862575e-30,-27.631021115928547,True,2,4,0,0.0021638870239257812
20300724,1,trig,6,3,(((x0)^2 + cos(x0)) + ((x0 - x0))^2),dedup=background,3,background,15,2,5.100971828385368e-28,4.0069597048862575e-30,-27.631021115928547,True,2,3,1,0.0019199848175048828
20300724,1,trig,6,3,(((x0)^2 + cos(x0)) + ((x0 - x0))^2),k_ex=4+dedup,4,background,15,2,5.100971828385368e-28,4.0069597048862575e-30,-27.631021115928547,True,2,3,1,0.0018429756164550781
20300724,1,trig,6,3,(((x0)^2 + cos(x0)) + ((x0 - x0))^2),beam=5,3,none,5,2,5.100971828385368e-28,4.0069597048862575e-30,-27.631021115928547,True,2,4,0,0.005776166915893555
20300724,1,trig,6,3,(((x0)^2 + cos(x0)) + ((x0 - x0))^2),beam=40,3,none,40,2,5.100971828385368e-28,4.0069597048862575e-30,-27.631021115928547,True,2,4,0,0.0042378902435302734
20300724,1,trig,6,3,(((x0)^2 + cos(x0)) + ((x0 - x0))^2),poly_deg=0,3,none,15,0,0.0,0.0,-27.631021115928547,True,3,178,0,0.015200614929199219
20300724,1,trig,6,3,(((x0)^2 + cos(x0)) + ((x0 - x0))^2),poly_deg=1,3,none,15,1,0.0,0.0,-27.631021115928547,True,3,178,0,0.02185821533203125
20300724,1,trig,6,3,(((x0)^2 + cos(x0)) + ((x0 - x0))^2),poly_deg=3,3,none,15,3,5.100971828385368e-28,4.0069597048862575e-30,-27.631021115928547,True,2,4,0,0.007620096206665039
20300725,1,trig,6,2,(sin((1.5)^2) + ((2.52 + -0.46) + (x0)^2)),default,3,none,15,2,4.2845007914816204e-29,3.634590326933503e-31,,True,1,1,0,0.0003800392150878906
20300725,1,trig,6,2,(sin((1.5)^2) + ((2.52 + -0.46) + (x0)^2)),k_ex=2,2,none,15,2,4.2845007914816204e-29,3.634590326933503e-31,,True,1,1,0,0.0002219676971435547
20300725,1,trig,6,2,(sin((1.5)^2) + ((2.52 + -0.46) + (x0)^2)),k_ex=4,4,none,15,2,4.2845007914816204e-29,3.634590326933503e-31,,True,1,1,0,0.00020623207092285156
20300725,1,trig,6,2,(sin((1.5)^2) + ((2.52 + -0.46) + (x0)^2)),dedup=affine,3,affine,15,2,4.2845007914816204e-29,3.634590326933503e-31,,True,1,1,0,0.00026607513427734375
20300725,1,trig,6,2,(sin((1.5)^2) + ((2.52 + -0.46) + (x0)^2)),dedup=background,3,background,15,2,4.2845007914816204e-29,3.634590326933503e-31,,True,1,1,0,0.0002579689025878906
20300725,1,trig,6,2,(sin((1.5)^2) + ((2.52 + -0.46) + (x0)^2)),k_ex=4+dedup,4,background,15,2,4.2845007914816204e-29,3.634590326933503e-31,,True,1,1,0,0.0004699230194091797
20300725,1,trig,6,2,(sin((1.5)^2) + ((2.52 + -0.46) + (x0)^2)),beam=5,3,none,5,2,4.2845007914816204e-29,3.634590326933503e-31,,True,1,1,0,0.0006558895111083984
20300725,1,trig,6,2,(sin((1.5)^2) + ((2.52 + -0.46) + (x0)^2)),beam=40,3,none,40,2,4.2845007914816204e-29,3.634590326933503e-31,,True,1,1,0,0.0007653236389160156
20300725,1,trig,6,2,(sin((1.5)^2) + ((2.52 + -0.46) + (x0)^2)),poly_deg=0,3,none,15,0,5.093083219333157e-29,4.320519916826593e-31,-27.631021115928547,True,1,4,0,0.003262042999267578
20300725,1,trig,6,2,(sin((1.5)^2) + ((2.52 + -0.46) + (x0)^2)),poly_deg=1,3,none,15,1,5.093083219333157e-29,4.320519916826593e-31,-27.631021115928547,True,1,4,0,0.007319927215576172
20300725,1,trig,6,2,(sin((1.5)^2) + ((2.52 + -0.46) + (x0)^2)),poly_deg=3,3,none,15,3,4.2845007914816204e-29,3.634590326933503e-31,,True,1,1,0,0.0003063678741455078
20300726,1,trig,6,4,(((1.55 * x0) * x0) - cos(((x0 + x0) - x0))),default,3,none,15,2,2.4928004604983973e-28,7.962297869926312e-31,-27.631021115928547,True,2,4,0,0.0019598007202148438
20300726,1,trig,6,4,(((1.55 * x0) * x0) - cos(((x0 + x0) - x0))),k_ex=2,2,none,15,2,2.4928004604983973e-28,7.962297869926312e-31,-27.631021115928547,True,2,4,0,0.0018050670623779297
20300726,1,trig,6,4,(((1.55 * x0) * x0) - cos(((x0 + x0) - x0))),k_ex=4,4,none,15,2,2.4928004604983973e-28,7.962297869926312e-31,-27.631021115928547,True,2,4,0,0.007875919342041016
20300726,1,trig,6,4,(((1.55 * x0) * x0) - cos(((x0 + x0) - x0))),dedup=affine,3,affine,15,2,2.4928004604983973e-28,7.962297869926312e-31,-27.631021115928547,True,2,4,0,0.006575107574462891
20300726,1,trig,6,4,(((1.55 * x0) * x0) - cos(((x0 + x0) - x0))),dedup=background,3,background,15,2,2.4928004604983973e-28,7.962297869926312e-31,-27.631021115928547,True,2,3,1,0.008923768997192383
20300726,1,trig,6,4,(((1.55 * x0) * x0) - cos(((x0 + x0) - x0))),k_ex=4+dedup,4,background,15,2,2.4928004604983973e-28,7.962297869926312e-31,-27.631021115928547,True,2,3,1,0.0018811225891113281
20300726,1,trig,6,4,(((1.55 * x0) * x0) - cos(((x0 + x0) - x0))),beam=5,3,none,5,2,2.4928004604983973e-28,7.962297869926312e-31,-27.631021115928547,True,2,4,0,0.002833127975463867
20300726,1,trig,6,4,(((1.55 * x0) * x0) - cos(((x0 + x0) - x0))),beam=40,3,none,40,2,2.4928004604983973e-28,7.962297869926312e-31,-27.631021115928547,True,2,4,0,0.0017080307006835938
20300726,1,trig,6,4,(((1.55 * x0) * x0) - cos(((x0 + x0) - x0))),poly_deg=0,3,none,15,0,2.6939599913297553e-28,8.604825071455175e-31,-27.631021115928547,True,4,855,0,1.5541729927062988
20300726,1,trig,6,4,(((1.55 * x0) * x0) - cos(((x0 + x0) - x0))),poly_deg=1,3,none,15,1,2.6604334028578623e-28,8.497737204533699e-31,-27.631021115928547,True,4,872,0,1.4685490131378174
20300726,1,trig,6,4,(((1.55 * x0) * x0) - cos(((x0 + x0) - x0))),poly_deg=3,3,none,15,3,2.4928004604983973e-28,7.962297869926312e-31,-27.631021115928547,True,2,4,0,0.004724979400634766
20300727,1,trig,6,6,cos(cos(((x0)^2 - (0.5 + sin(x0))))),default,3,none,15,2,0.04807011544982792,1.8600859113516515,-3.3391025479837433,False,2,4272,0,177.77254700660706
20300727,1,trig,6,6,cos(cos(((x0)^2 - (0.5 + sin(x0))))),k_ex=2,2,none,15,2,0.04807011544982792,1.8600859113516515,-3.3391025479837433,False,2,4569,0,494.692254781723
20300727,1,trig,6,6,cos(cos(((x0)^2 - (0.5 + sin(x0))))),k_ex=4,4,none,15,2,0.11556861373919194,4.471958267607643,-3.4652676014632164,False,4,4757,0,193.167809009552
20300727,1,trig,6,6,cos(cos(((x0)^2 - (0.5 + sin(x0))))),dedup=affine,3,affine,15,2,0.04807011544982792,1.8600859113516515,-3.3391025479837433,False,2,3426,865,271.05333495140076
20300727,1,trig,6,6,cos(cos(((x0)^2 - (0.5 + sin(x0))))),dedup=background,3,background,15,2,0.08891148027634158,3.4404533933782186,-4.403276702372948,False,9,3042,1200,193.54844975471497
20300727,1,trig,6,6,cos(cos(((x0)^2 - (0.5 + sin(x0))))),k_ex=4+dedup,4,background,15,2,0.04807011544982792,1.8600859113516515,-3.3391025479837433,False,2,2838,1789,105.13049411773682
20300727,1,trig,6,6,cos(cos(((x0)^2 - (0.5 + sin(x0))))),beam=5,3,none,5,2,0.04807011544982792,1.8600859113516515,-3.3391025479837433,False,2,2293,0,108.07335805892944
20300727,1,trig,6,6,cos(cos(((x0)^2 - (0.5 + sin(x0))))),beam=40,3,none,40,2,0.04807011544982792,1.8600859113516515,-3.3391025479837433,False,2,9012,0,608.0658419132233
20300727,1,trig,6,6,cos(cos(((x0)^2 - (0.5 + sin(x0))))),poly_deg=0,3,none,15,0,0.036151958293715356,1.3989096481388448,-3.7435446554499996,False,0,4335,0,404.8495497703552
20300727,1,trig,6,6,cos(cos(((x0)^2 - (0.5 + sin(x0))))),poly_deg=1,3,none,15,1,0.043967287896065,1.7013259071776428,-4.372099198233642,False,8,4168,0,221.1763210296631
20300727,1,trig,6,6,cos(cos(((x0)^2 - (0.5 + sin(x0))))),poly_deg=3,3,none,15,3,0.10391147699476581,4.02088225869649,-2.3889907896267673,False,3,4181,0,246.59577083587646
20300728,1,trig,8,5,(cos(sin((x0 + 0.3))) - ((((-1.85)^2 * x0) * 2.28) * 2.1)),default,3,none,15,2,7.265408937085519e-28,6.201168496000501e-32,-27.631021115928547,True,5,810,0,2.08998703956604
20300728,1,trig,8,5,(cos(sin((x0 + 0.3))) - ((((-1.85)^2 * x0) * 2.28) * 2.1)),k_ex=2,2,none,15,2,6.3897733322901956e-27,5.453796397133991e-31,-27.631021115928547,True,4,373,0,1.3427989482879639
20300728,1,trig,8,5,(cos(sin((x0 + 0.3))) - ((((-1.85)^2 * x0) * 2.28) * 2.1)),k_ex=4,4,none,15,2,2.9582283945787943e-28,2.5249057394138846e-32,-27.631021115928547,True,6,2328,0,2.1660289764404297
20300728,1,trig,8,5,(cos(sin((x0 + 0.3))) - ((((-1.85)^2 * x0) * 2.28) * 2.1)),dedup=affine,3,affine,15,2,7.265408937085519e-28,6.201168496000501e-32,-27.631021115928547,True,5,602,216,1.3723971843719482
20300728,1,trig,8,5,(cos(sin((x0 + 0.3))) - ((((-1.85)^2 * x0) * 2.28) * 2.1)),dedup=background,3,background,15,2,8.684792322125572e-23,7.412639950295231e-27,-27.631021115836102,True,6,1130,533,6.425547122955322
20300728,1,trig,8,5,(cos(sin((x0 + 0.3))) - ((((-1.85)^2 * x0) * 2.28) * 2.1)),k_ex=4+dedup,4,background,15,2,4.3225578924333124e-07,3.689387625226837e-11,-16.52238706418154,False,7,1990,1396,15.314815044403076
20300728,1,trig,8,5,(cos(sin((x0 + 0.3))) - ((((-1.85)^2 * x0) * 2.28) * 2.1)),beam=5,3,none,5,2,7.265408937085519e-28,6.201168496000501e-32,-27.631021115928547,True,5,514,0,3.0161211490631104
20300728,1,trig,8,5,(cos(sin((x0 + 0.3))) - ((((-1.85)^2 * x0) * 2.28) * 2.1)),beam=40,3,none,40,2,7.265408937085519e-28,6.201168496000501e-32,-27.631021115928547,True,5,1454,0,63.24665713310242
20300728,1,trig,8,5,(cos(sin((x0 + 0.3))) - ((((-1.85)^2 * x0) * 2.28) * 2.1)),poly_deg=0,3,none,15,0,2.0420453392551112e-26,1.7429255992124753e-30,-27.631021115928547,True,5,1793,0,61.27653670310974
20300728,1,trig,8,5,(cos(sin((x0 + 0.3))) - ((((-1.85)^2 * x0) * 2.28) * 2.1)),poly_deg=1,3,none,15,1,4.655068201709191e-27,3.973191671541689e-31,-27.631021115928547,True,5,824,0,4.7369678020477295
20300728,1,trig,8,5,(cos(sin((x0 + 0.3))) - ((((-1.85)^2 * x0) * 2.28) * 2.1)),poly_deg=3,3,none,15,3,2.208810534618833e-28,1.8852629520957006e-32,-27.631021115928547,True,5,815,0,4.796622037887573
20300729,1,trig,8,5,(((x0 + (x0 - x0)) + (x0 * sin(x0))) * ((x0 + x0) * x0)),default,3,none,15,2,3365370.04224992,5.850294807092276,7.534516376083472,False,5,4307,0,284.6356108188629
20300729,1,trig,8,5,(((x0 + (x0 - x0)) + (x0 * sin(x0))) * ((x0 + x0) * x0)),k_ex=2,2,none,15,2,2753719.931538993,4.787013972733492,8.52694673141129,False,5,4619,0,675.4291729927063
20300729,1,trig,8,5,(((x0 + (x0 - x0)) + (x0 * sin(x0))) * ((x0 + x0) * x0)),k_ex=4,4,none,15,2,2868429.400530652,4.98642271600428,6.624208820031349,False,7,4957,0,174.03449988365173
20300729,1,trig,8,5,(((x0 + (x0 - x0)) + (x0 * sin(x0))) * ((x0 + x0) * x0)),dedup=affine,3,affine,15,2,1386209.824767497,2.409760602122616,6.920449022583762,False,8,3387,898,305.8604967594147
20300729,1,trig,8,5,(((x0 + (x0 - x0)) + (x0 * sin(x0))) * ((x0 + x0) * x0)),dedup=background,3,background,15,2,3365370.04224992,5.850294807092276,7.534516376083472,False,5,3116,1130,303.986976146698
20300729,1,trig,8,5,(((x0 + (x0 - x0)) + (x0 * sin(x0))) * ((x0 + x0) * x0)),k_ex=4+dedup,4,background,15,2,1386209.824767497,2.409760602122616,6.920449022583762,False,8,2977,1926,111.2012529373169
20300729,1,trig,8,5,(((x0 + (x0 - x0)) + (x0 * sin(x0))) * ((x0 + x0) * x0)),beam=5,3,none,5,2,3365370.04224992,5.850294807092276,7.534516376083472,False,5,2271,0,115.13039517402649
20300729,1,trig,8,5,(((x0 + (x0 - x0)) + (x0 * sin(x0))) * ((x0 + x0) * x0)),beam=40,3,none,40,2,1825.8622052867415,0.0031740438774791407,2.007466055168685,False,9,9276,0,862.5432381629944
20300729,1,trig,8,5,(((x0 + (x0 - x0)) + (x0 * sin(x0))) * ((x0 + x0) * x0)),poly_deg=0,3,none,15,0,2.2770780989401937e-26,3.95842894253234e-32,-27.63102111592853,True,7,4386,0,280.56112694740295
20300729,1,trig,8,5,(((x0 + (x0 - x0)) + (x0 * sin(x0))) * ((x0 + x0) * x0)),poly_deg=1,3,none,15,1,3365370.047515968,5.850294816246673,7.534516381340039,False,5,4348,0,135.8621051311493
20300729,1,trig,8,5,(((x0 + (x0 - x0)) + (x0 * sin(x0))) * ((x0 + x0) * x0)),poly_deg=3,3,none,15,3,7.824882573781577e-26,1.3602625955776437e-31,-27.63102111592853,True,8,4415,0,102.76499795913696
20300730,1,trig,8,8,(cos((x0 * ((x0 - (sin((x0)^2))^2) + x0))))^2,default,3,none,15,2,0.1538026434965546,1.207646865845987,-2.117961698166302,False,4,4123,0,306.69370198249817
20300730,1,trig,8,8,(cos((x0 * ((x0 - (sin((x0)^2))^2) + x0))))^2,k_ex=2,2,none,15,2,0.1538026434965546,1.207646865845987,-2.117961698166302,False,4,4379,0,516.9563157558441
20300730,1,trig,8,8,(cos((x0 * ((x0 - (sin((x0)^2))^2) + x0))))^2,k_ex=4,4,none,15,2,0.1538026434965546,1.207646865845987,-2.117961698166302,False,4,4636,0,191.52887296676636
20300730,1,trig,8,8,(cos((x0 * ((x0 - (sin((x0)^2))^2) + x0))))^2,dedup=affine,3,affine,15,2,0.1538026434965546,1.207646865845987,-2.117961698166302,False,4,3413,809,301.2818639278412
20300730,1,trig,8,8,(cos((x0 * ((x0 - (sin((x0)^2))^2) + x0))))^2,dedup=background,3,background,15,2,0.1538026434965546,1.207646865845987,-2.117961698166302,False,4,2959,1081,168.09174489974976
20300730,1,trig,8,8,(cos((x0 * ((x0 - (sin((x0)^2))^2) + x0))))^2,k_ex=4+dedup,4,background,15,2,0.1538026434965546,1.207646865845987,-2.117961698166302,False,4,2884,1749,123.20321202278137
20300730,1,trig,8,8,(cos((x0 * ((x0 - (sin((x0)^2))^2) + x0))))^2,beam=5,3,none,5,2,0.1538026434965546,1.207646865845987,-2.117961698166302,False,4,2148,0,117.04566669464111
20300730,1,trig,8,8,(cos((x0 * ((x0 - (sin((x0)^2))^2) + x0))))^2,beam=40,3,none,40,2,0.1538026434965546,1.207646865845987,-2.117961698166302,False,4,8686,0,835.9770748615265
20300730,1,trig,8,8,(cos((x0 * ((x0 - (sin((x0)^2))^2) + x0))))^2,poly_deg=0,3,none,15,0,0.13209251705625588,1.037180575041732,-2.16848314468146,False,2,4046,0,240.78673911094666
20300730,1,trig,8,8,(cos((x0 * ((x0 - (sin((x0)^2))^2) + x0))))^2,poly_deg=1,3,none,15,1,0.15248228821816798,1.1972795348463574,-2.2052001586184886,False,3,4102,0,234.77325105667114
20300730,1,trig,8,8,(cos((x0 * ((x0 - (sin((x0)^2))^2) + x0))))^2,poly_deg=3,3,none,15,3,0.13783105252423639,1.0822391267993805,-1.5565346212893791,False,5,4085,0,119.39806890487671
20300731,1,trig,8,6,cos(sin(sin((sin((x0 + x0)) - (-2.18 + (x0 - x0)))))),default,3,none,15,2,1.4935287976309692e-06,8.177551073115706e-05,-13.371444817583956,False,9,4267,0,221.57065391540527
20300731,1,trig,8,6,cos(sin(sin((sin((x0 + x0)) - (-2.18 + (x0 - x0)))))),k_ex=2,2,none,15,2,1.3812760290597897e-06,7.562931020562643e-05,-13.113737892230588,False,8,4355,0,330.56579995155334
20300731,1,trig,8,6,cos(sin(sin((sin((x0 + x0)) - (-2.18 + (x0 - x0)))))),k_ex=4,4,none,15,2,1.2043914008515887e-06,6.594430725478911e-05,-13.423761343482678,False,9,4805,0,79.92987489700317
20300731,1,trig,8,6,cos(sin(sin((sin((x0 + x0)) - (-2.18 + (x0 - x0)))))),dedup=affine,3,affine,15,2,1.2043913723460874e-06,6.594430569402111e-05,-13.423761330600252,False,9,3404,855,190.62229013442993
20300731,1,trig,8,6,cos(sin(sin((sin((x0 + x0)) - (-2.18 + (x0 - x0)))))),dedup=background,3,background,15,2,1.1513410683751359e-06,6.303963073325106e-05,-13.507454362731647,False,9,3014,1217,259.5065290927887
20300731,1,trig,8,6,cos(sin(sin((sin((x0 + x0)) - (-2.18 + (x0 - x0)))))),k_ex=4+dedup,4,background,15,2,1.2043913723460874e-06,6.594430569402111e-05,-13.423761330600252,False,9,3005,1809,92.90858030319214
20300731,1,trig,8,6,cos(sin(sin((sin((x0 + x0)) - (-2.18 + (x0 - x0)))))),beam=5,3,none,5,2,6.714751432804298e-06,0.00036765426198766596,-11.617687881368575,False,8,2283,0,58.36263298988342
20300731,1,trig,8,6,cos(sin(sin((sin((x0 + x0)) - (-2.18 + (x0 - x0)))))),beam=40,3,none,40,2,1.1513410702367688e-06,6.303963083518146e-05,-13.507453839498861,False,9,8842,0,433.4016649723053
20300731,1,trig,8,6,cos(sin(sin((sin((x0 + x0)) - (-2.18 + (x0 - x0)))))),poly_deg=0,3,none,15,0,6.286468423794857e-07,3.442043882023213e-05,-13.971494398766083,False,7,4190,0,173.60876178741455
20300731,1,trig,8,6,cos(sin(sin((sin((x0 + x0)) - (-2.18 + (x0 - x0)))))),poly_deg=1,3,none,15,1,1.1477831513373667e-06,6.284482331918301e-05,-13.578401632645123,False,8,4260,0,215.94494080543518
20300731,1,trig,8,6,cos(sin(sin((sin((x0 + x0)) - (-2.18 + (x0 - x0)))))),poly_deg=3,3,none,15,3,1.547550609307722e-06,8.473337886700829e-05,-11.59561591122777,False,10,4316,0,156.97534704208374
20300732,1,trig,8,9,((((x0 * sin(x0)))^2 + x0) + ((2.04 * cos(x0)))^2),default,3,none,15,2,2.261529407830705e-10,5.333790549077812e-13,-22.288224817976925,True,8,2856,0,66.6778917312622
20300732,1,trig,8,9,((((x0 * sin(x0)))^2 + x0) + ((2.04 * cos(x0)))^2),k_ex=2,2,none,15,2,2.261529407830705e-10,5.333790549077812e-13,-22.288224817976925,True,8,3080,0,166.5868740081787
20300732,1,trig,8,9,((((x0 * sin(x0)))^2 + x0) + ((2.04 * cos(x0)))^2),k_ex=4,4,none,15,2,7.279113854569778e-28,1.7167704540445247e-30,-27.631021115928547,True,7,2332,0,11.94307017326355
20300732,1,trig,8,9,((((x0 * sin(x0)))^2 + x0) + ((2.04 * cos(x0)))^2),dedup=affine,3,affine,15,2,2.5282776454550333e-24,5.962913134836516e-27,-27.63102111591605,True,7,1313,430,22.62398886680603
20300732,1,trig,8,9,((((x0 * sin(x0)))^2 + x0) + ((2.04 * cos(x0)))^2),dedup=background,3,background,15,2,2.261529407830705e-10,5.333790549077812e-13,-22.288224817976925,True,8,1985,847,111.72361516952515
20300732,1,trig,8,9,((((x0 * sin(x0)))^2 + x0) + ((2.04 * cos(x0)))^2),k_ex=4+dedup,4,background,15,2,2.261529407830705e-10,5.333790549077812e-13,-22.288224817976925,True,8,1982,1452,50.76183605194092
20300732,1,trig,8,9,((((x0 * sin(x0)))^2 + x0) + ((2.04 * cos(x0)))^2),beam=5,3,none,5,2,2.7149272466069243e-10,6.403124027149452e-13,-22.158314079912714,True,8,1519,0,48.541953802108765
20300732,1,trig,8,9,((((x0 * sin(x0)))^2 + x0) + ((2.04 * cos(x0)))^2),beam=40,3,none,40,2,7.280469709250627e-28,1.717090230778694e-30,-27.631021115928547,True,7,3414,0,103.82847285270691
20300732,1,trig,8,9,((((x0 * sin(x0)))^2 + x0) + ((2.04 * cos(x0)))^2),poly_deg=0,3,none,15,0,7.42232000103302,0.017505454555072814,1.7310728005977922,False,4,4373,0,327.58265805244446
20300732,1,trig,8,9,((((x0 * sin(x0)))^2 + x0) + ((2.04 * cos(x0)))^2),poly_deg=1,3,none,15,1,3139.1665914867235,7.403687539802314,3.4493539166076252,False,3,4197,0,318.01504778862
20300732,1,trig,8,9,((((x0 * sin(x0)))^2 + x0) + ((2.04 * cos(x0)))^2),poly_deg=3,3,none,15,3,5.1093765866626735e-28,1.2050404675374839e-30,-27.631021115928547,True,7,1763,0,31.663447856903076
20300733,1,trig,8,6,sin((x0 - ((cos((-1.47 * (1.02 + x0))) - (x0 - x0)) - x0))),default,3,none,15,2,1.550156561954789e-30,3.614663199664652e-30,-27.631021115928547,True,6,2997,0,91.89353108406067
20300733,1,trig,8,6,sin((x0 - ((cos((-1.47 * (1.02 + x0))) - (x0 - x0)) - x0))),k_ex=2,2,none,15,2,3.589060729331757e-31,8.368990628480434e-31,-27.631021115928547,True,7,4659,0,433.4163966178894
20300733,1,trig,8,6,sin((x0 - ((cos((-1.47 * (1.02 + x0))) - (x0 - x0)) - x0))),k_ex=4,4,none,15,2,1.005223556572499,2.3439855602692368,-1.330214844804999,False,9,4860,0,164.88237500190735
20300733,1,trig,8,6,sin((x0 - ((cos((-1.47 * (1.02 + x0))) - (x0 - x0)) - x0))),dedup=affine,3,affine,15,2,0.004215703958874382,0.00983020059703379,-4.547011744859227,False,9,3443,844,239.19630002975464
20300733,1,trig,8,6,sin((x0 - ((cos((-1.47 * (1.02 + x0))) - (x0 - x0)) - x0))),dedup=background,3,background,15,2,1.911466722506146e-31,4.457168126626995e-31,-27.631021115928547,True,7,3117,1219,180.95708799362183
20300733,1,trig,8,6,sin((x0 - ((cos((-1.47 * (1.02 + x0))) - (x0 - x0)) - x0))),k_ex=4+dedup,4,background,15,2,1.005223556572499,2.3439855602692368,-1.330214844804999,False,9,2995,1793,90.11243391036987
20300733,1,trig,8,6,sin((x0 - ((cos((-1.47 * (1.02 + x0))) - (x0 - x0)) - x0))),beam=5,3,none,5,2,0.004672006454985823,0.010894209150162922,-5.397517122760609,False,9,2289,0,110.60477900505066
20300733,1,trig,8,6,sin((x0 - ((cos((-1.47 * (1.02 + x0))) - (x0 - x0)) - x0))),beam=40,3,none,40,2,1.911466722506146e-31,4.457168126626995e-31,-27.631021115928547,True,7,9341,0,550.6097390651703
20300733,1,trig,8,6,sin((x0 - ((cos((-1.47 * (1.02 + x0))) - (x0 - x0)) - x0))),poly_deg=0,3,none,15,0,0.15024781732903156,0.3503486482967434,-1.5475683429901497,False,3,4297,0,319.76733899116516
20300733,1,trig,8,6,sin((x0 - ((cos((-1.47 * (1.02 + x0))) - (x0 - x0)) - x0))),poly_deg=1,3,none,15,1,0.0048474185113338095,0.011303235902956853,-4.527331023252186,False,8,4417,0,350.1997649669647
20300733,1,trig,8,6,sin((x0 - ((cos((-1.47 * (1.02 + x0))) - (x0 - x0)) - x0))),poly_deg=3,3,none,15,3,5.621737335853383e-27,1.31087965982385e-26,-27.631021115928544,True,8,4430,0,299.61205101013184
20300734,1,trig,8,4,((x0 * ((0.83 - x0))^2) * (((sin(1.36) - -0.86) - 1.19))^2),default,3,none,15,2,7.649978628380762e-28,4.406182203370001e-32,-27.631021115928547,True,4,25,0,0.03396415710449219
20300734,1,trig,8,4,((x0 * ((0.83 - x0))^2) * (((sin(1.36) - -0.86) - 1.19))^2),k_ex=2,2,none,15,2,7.649978628380762e-28,4.406182203370001e-32,-27.631021115928547,True,4,25,0,0.013809919357299805
20300734,1,trig,8,4,((x0 * ((0.83 - x0))^2) * (((sin(1.36) - -0.86) - 1.19))^2),k_ex=4,4,none,15,2,7.649978628380762e-28,4.406182203370001e-32,-27.631021115928547,True,4,25,0,0.035948991775512695
20300734,1,trig,8,4,((x0 * ((0.83 - x0))^2) * (((sin(1.36) - -0.86) - 1.19))^2),dedup=affine,3,affine,15,2,7.649978628380762e-28,4.406182203370001e-32,-27.631021115928547,True,4,21,4,0.061599016189575195
20300734,1,trig,8,4,((x0 * ((0.83 - x0))^2) * (((sin(1.36) - -0.86) - 1.19))^2),dedup=background,3,background,15,2,7.649978628380762e-28,4.406182203370001e-32,-27.631021115928547,True,4,14,11,0.018950939178466797
20300734,1,trig,8,4,((x0 * ((0.83 - x0))^2) * (((sin(1.36) - -0.86) - 1.19))^2),k_ex=4+dedup,4,background,15,2,7.649978628380762e-28,4.406182203370001e-32,-27.631021115928547,True,4,14,11,0.03572487831115723
20300734,1,trig,8,4,((x0 * ((0.83 - x0))^2) * (((sin(1.36) - -0.86) - 1.19))^2),beam=5,3,none,5,2,7.649978628380762e-28,4.406182203370001e-32,-27.631021115928547,True,4,25,0,0.014924049377441406
20300734,1,trig,8,4,((x0 * ((0.83 - x0))^2) * (((sin(1.36) - -0.86) - 1.19))^2),beam=40,3,none,40,2,7.649978628380762e-28,4.406182203370001e-32,-27.631021115928547,True,4,25,0,0.05323505401611328
20300734,1,trig,8,4,((x0 * ((0.83 - x0))^2) * (((sin(1.36) - -0.86) - 1.19))^2),poly_deg=0,3,none,15,0,2.9387040871745742e-27,1.6926146174894658e-31,-27.631021115928547,True,5,1796,0,44.60160207748413
20300734,1,trig,8,4,((x0 * ((0.83 - x0))^2) * (((sin(1.36) - -0.86) - 1.19))^2),poly_deg=1,3,none,15,1,3.2244689500908858e-28,1.8572075025805494e-32,-27.631021115928547,True,5,850,0,8.707274913787842
20300734,1,trig,8,4,((x0 * ((0.83 - x0))^2) * (((sin(1.36) - -0.86) - 1.19))^2),poly_deg=3,3,none,15,3,5.4977688637115365e-27,3.166567189568072e-31,,True,3,1,0,0.002663135528564453
20300735,1,trig,8,7,cos((cos(((((x0)^2 - sin(-2.92)))^2 + x0)) + x0)),default,3,none,15,2,0.22635174041843684,0.8717309857598833,-0.26136121226594755,False,3,4501,0,340.3968529701233
20300735,1,trig,8,7,cos((cos(((((x0)^2 - sin(-2.92)))^2 + x0)) + x0)),k_ex=2,2,none,15,2,0.22635174041843684,0.8717309857598833,-0.26136121226594755,False,3,4573,0,487.37212204933167
20300735,1,trig,8,7,cos((cos(((((x0)^2 - sin(-2.92)))^2 + x0)) + x0)),k_ex=4,4,none,15,2,0.22635174041843684,0.8717309857598833,-0.26136121226594755,False,3,4813,0,161.6262981891632
20300735,1,trig,8,7,cos((cos(((((x0)^2 - sin(-2.92)))^2 + x0)) + x0)),dedup=affine,3,affine,15,2,0.22635174041843684,0.8717309857598833,-0.26136121226594755,False,3,3518,855,317.09096908569336
20300735,1,trig,8,7,cos((cos(((((x0)^2 - sin(-2.92)))^2 + x0)) + x0)),dedup=background,3,background,15,2,0.22635174041843684,0.8717309857598833,-0.26136121226594755,False,3,3163,1179,369.13260793685913
20300735,1,trig,8,7,cos((cos(((((x0)^2 - sin(-2.92)))^2 + x0)) + x0)),k_ex=4+dedup,4,background,15,2,0.22635174041843684,0.8717309857598833,-0.26136121226594755,False,3,3011,1810,138.53449988365173
20300735,1,trig,8,7,cos((cos(((((x0)^2 - sin(-2.92)))^2 + x0)) + x0)),beam=5,3,none,5,2,0.22635174041843684,0.8717309857598833,-0.26136121226594755,False,3,2320,0,155.4833700656891
20300735,1,trig,8,7,cos((cos(((((x0)^2 - sin(-2.92)))^2 + x0)) + x0)),beam=40,3,none,40,2,0.22635174041843684,0.8717309857598833,-0.26136121226594755,False,3,9420,0,297.3238310813904
20300735,1,trig,8,7,cos((cos(((((x0)^2 - sin(-2.92)))^2 + x0)) + x0)),poly_deg=0,3,none,15,0,0.21142018839310978,0.814226252012746,-1.2160590791974992,False,1,4347,0,103.36408591270447
20300735,1,trig,8,7,cos((cos(((((x0)^2 - sin(-2.92)))^2 + x0)) + x0)),poly_deg=1,3,none,15,1,0.216362407439812,0.8332598387369242,-1.1244407755814836,False,5,4363,0,106.5562481880188
20300735,1,trig,8,7,cos((cos(((((x0)^2 - sin(-2.92)))^2 + x0)) + x0)),poly_deg=3,3,none,15,3,0.6428627456335501,2.4758076696184026,0.5653674128824313,False,4,4423,0,344.6342759132385
20300736,1,full,4,2,(x0 * (((x0)^2 + x0) / x0)),default,3,none,15,2,4.108486202004182e-28,2.4576023287079345e-30,,True,2,1,0,0.0008199214935302734
20300736,1,full,4,2,(x0 * (((x0)^2 + x0) / x0)),k_ex=2,2,none,15,2,4.108486202004182e-28,2.4576023287079345e-30,,True,2,1,0,0.007925987243652344
20300736,1,full,4,2,(x0 * (((x0)^2 + x0) / x0)),k_ex=4,4,none,15,2,4.108486202004182e-28,2.4576023287079345e-30,,True,2,1,0,0.0011227130889892578
20300736,1,full,4,2,(x0 * (((x0)^2 + x0) / x0)),dedup=affine,3,affine,15,2,4.108486202004182e-28,2.4576023287079345e-30,,True,2,1,0,0.0012390613555908203
20300736,1,full,4,2,(x0 * (((x0)^2 + x0) / x0)),dedup=background,3,background,15,2,4.108486202004182e-28,2.4576023287079345e-30,,True,2,1,0,0.0008521080017089844
20300736,1,full,4,2,(x0 * (((x0)^2 + x0) / x0)),k_ex=4+dedup,4,background,15,2,4.108486202004182e-28,2.4576023287079345e-30,,True,2,1,0,0.0008599758148193359
20300736,1,full,4,2,(x0 * (((x0)^2 + x0) / x0)),beam=5,3,none,5,2,4.108486202004182e-28,2.4576023287079345e-30,,True,2,1,0,0.0007519721984863281
20300736,1,full,4,2,(x0 * (((x0)^2 + x0) / x0)),beam=40,3,none,40,2,4.108486202004182e-28,2.4576023287079345e-30,,True,2,1,0,0.0008151531219482422
20300736,1,full,4,2,(x0 * (((x0)^2 + x0) / x0)),poly_deg=0,3,none,15,0,8.783966179635966e-28,5.2543673452850786e-30,-27.631021115928547,True,2,76,0,0.029510021209716797
20300736,1,full,4,2,(x0 * (((x0)^2 + x0) / x0)),poly_deg=1,3,none,15,1,5.817849176004962e-29,3.4801041016144996e-31,-27.631021115928547,True,2,7,0,0.009459972381591797
20300736,1,full,4,2,(x0 * (((x0)^2 + x0) / x0)),poly_deg=3,3,none,15,3,4.108486202004182e-28,2.4576023287079345e-30,,True,2,1,0,0.008693933486938477
20300737,1,full,4,5,(x0 + (x0 + (x0 + sqrt(x0)))),default,3,none,15,2,1.1487786932280984e-29,3.0066987304800334e-32,-27.631021115928547,True,2,7,0,0.007665157318115234
20300737,1,full,4,5,(x0 + (x0 + (x0 + sqrt(x0)))),k_ex=2,2,none,15,2,1.1487786932280984e-29,3.0066987304800334e-32,-27.631021115928547,True,2,7,0,0.006308794021606445
20300737,1,full,4,5,(x0 + (x0 + (x0 + sqrt(x0)))),k_ex=4,4,none,15,2,1.1487786932280984e-29,3.0066987304800334e-32,-27.631021115928547,True,2,7,0,0.047944068908691406
20300737,1,full,4,5,(x0 + (x0 + (x0 + sqrt(x0)))),dedup=affine,3,affine,15,2,1.1487786932280984e-29,3.0066987304800334e-32,-27.631021115928547,True,2,7,0,0.01600503921508789
20300737,1,full,4,5,(x0 + (x0 + (x0 + sqrt(x0)))),dedup=background,3,background,15,2,1.1487786932280984e-29,3.0066987304800334e-32,-27.631021115928547,True,2,6,1,0.020138978958129883
20300737,1,full,4,5,(x0 + (x0 + (x0 + sqrt(x0)))),k_ex=4+dedup,4,background,15,2,1.1487786932280984e-29,3.0066987304800334e-32,-27.631021115928547,True,2,6,1,0.007531881332397461
20300737,1,full,4,5,(x0 + (x0 + (x0 + sqrt(x0)))),beam=5,3,none,5,2,1.1487786932280984e-29,3.0066987304800334e-32,-27.631021115928547,True,2,7,0,0.00786590576171875
20300737,1,full,4,5,(x0 + (x0 + (x0 + sqrt(x0)))),beam=40,3,none,40,2,1.1487786932280984e-29,3.0066987304800334e-32,-27.631021115928547,True,2,7,0,0.007360935211181641
20300737,1,full,4,5,(x0 + (x0 + (x0 + sqrt(x0)))),poly_deg=0,3,none,15,0,2.141987616995389e-14,5.606224668588293e-17,-27.62534354148616,True,5,3643,0,74.32627701759338
20300737,1,full,4,5,(x0 + (x0 + (x0 + sqrt(x0)))),poly_deg=1,3,none,15,1,1.1487786932280984e-29,3.0066987304800334e-32,-27.631021115928547,True,2,7,0,0.012535810470581055
20300737,1,full,4,5,(x0 + (x0 + (x0 + sqrt(x0)))),poly_deg=3,3,none,15,3,1.1487786932280984e-29,3.0066987304800334e-32,-27.631021115928547,True,2,7,0,0.00783991813659668
20300738,1,full,4,5,(cos((log(x0) - x0)) + x0),default,3,none,15,2,8.011868568650901e-31,1.7515833457377154e-32,-27.631021115928547,True,4,966,0,0.4685659408569336
20300738,1,full,4,5,(cos((log(x0) - x0)) + x0),k_ex=2,2,none,15,2,8.011868568650901e-31,1.7515833457377154e-32,-27.631021115928547,True,7,5543,0,345.0783417224884
20300738,1,full,4,5,(cos((log(x0) - x0)) + x0),k_ex=4,4,none,15,2,8.011868568650901e-31,1.7515833457377154e-32,-27.631021115928547,True,4,966,0,0.2976381778717041
20300738,1,full,4,5,(cos((log(x0) - x0)) + x0),dedup=affine,3,affine,15,2,8.011868568650901e-31,1.7515833457377154e-32,-27.631021115928547,True,4,676,290,0.3623359203338623
20300738,1,full,4,5,(cos((log(x0) - x0)) + x0),dedup=background,3,background,15,2,8.011868568650901e-31,1.7515833457377154e-32,-27.631021115928547,True,4,539,427,0.3880469799041748
20300738,1,full,4,5,(cos((log(x0) - x0)) + x0),k_ex=4+dedup,4,background,15,2,8.011868568650901e-31,1.7515833457377154e-32,-27.631021115928547,True,4,539,427,0.3449110984802246
20300738,1,full,4,5,(cos((log(x0) - x0)) + x0),beam=5,3,none,5,2,8.011868568650901e-31,1.7515833457377154e-32,-27.631021115928547,True,4,966,0,0.3178110122680664
20300738,1,full,4,5,(cos((log(x0) - x0)) + x0),beam=40,3,none,40,2,8.011868568650901e-31,1.7515833457377154e-32,-27.631021115928547,True,4,966,0,0.2848479747772217
20300738,1,full,4,5,(cos((log(x0) - x0)) + x0),poly_deg=0,3,none,15,0,8.393606722633717,0.18350403055242576,-2.968760565324654,False,5,7899,0,540.6878077983856
20300738,1,full,4,5,(cos((log(x0) - x0)) + x0),poly_deg=1,3,none,15,1,8.011868568650901e-31,1.7515833457377154e-32,-27.631021115928547,True,4,966,0,0.5636007785797119
20300738,1,full,4,5,(cos((log(x0) - x0)) + x0),poly_deg=3,3,none,15,3,8.011868568650901e-31,1.7515833457377154e-32,-27.631021115928547,True,4,966,0,0.4597318172454834
20300739,1,full,4,5,log(((2.17 * cos(x0)) + x0)),default,3,none,15,2,2.220597225878483e-31,2.3775024487197028e-30,-27.631021115928547,True,6,5797,0,272.7570466995239
20300739,1,full,4,5,log(((2.17 * cos(x0)) + x0)),k_ex=2,2,none,15,2,3.0325340005155685,32.468098798057596,-2.623189857938656,False,9,7710,0,611.8120028972626
20300739,1,full,4,5,log(((2.17 * cos(x0)) + x0)),k_ex=4,4,none,15,2,4.286628775089075e-23,4.5895177615989335e-22,-27.631021115741397,True,6,17284,0,30.75862407684326
20300739,1,full,4,5,log(((2.17 * cos(x0)) + x0)),dedup=affine,3,affine,15,2,1.585040344230695e-31,1.6970377409334913e-30,-27.631021115928547,True,4,1614,540,4.9430718421936035
20300739,1,full,4,5,log(((2.17 * cos(x0)) + x0)),dedup=background,3,background,15,2,0.0,0.0,-27.631021115928547,True,5,2666,1039,27.127920150756836
20300739,1,full,4,5,log(((2.17 * cos(x0)) + x0)),k_ex=4+dedup,4,background,15,2,1.5278111651905342e-14,1.6357648042115363e-13,-27.62305930369457,True,7,10999,8543,76.24990010261536
20300739,1,full,4,5,log(((2.17 * cos(x0)) + x0)),beam=5,3,none,5,2,1.7480929119105215e-22,1.8716114431840028e-21,-27.631021115422648,True,6,3381,0,24.99995493888855
20300739,1,full,4,5,log(((2.17 * cos(x0)) + x0)),beam=40,3,none,40,2,5.103714352626175e-32,5.46433780494988e-31,-27.631021115928547,True,6,11340,0,131.81000804901123
20300739,1,full,4,5,log(((2.17 * cos(x0)) + x0)),poly_deg=0,3,none,15,0,4.2992879082609306e-26,4.603071376709322e-25,-27.631021115928355,True,5,3717,0,19.66393280029297
20300739,1,full,4,5,log(((2.17 * cos(x0)) + x0)),poly_deg=1,3,none,15,1,1.2300914554801275e-30,1.317008511706222e-29,-27.631021115928547,True,5,3707,0,19.15892195701599
20300739,1,full,4,5,log(((2.17 * cos(x0)) + x0)),poly_deg=3,3,none,15,3,4.025193583769323e-32,4.30960981597934e-31,-27.631021115928547,True,6,5795,0,79.63770484924316
20300740,1,full,4,4,(((-1.67 - -1.88) + x0) * log(x0)),default,3,none,15,2,1.0233621352496016e-29,6.624450442810295e-32,-27.631021115928547,True,5,2130,0,21.452924013137817
20300740,1,full,4,4,(((-1.67 - -1.88) + x0) * log(x0)),k_ex=2,2,none,15,2,9.860761315262648e-32,6.3830898575708955e-34,-27.631021115928547,True,3,773,0,12.532153844833374
20300740,1,full,4,4,(((-1.67 - -1.88) + x0) * log(x0)),k_ex=4,4,none,15,2,9.802213044953276e-30,6.345190261541568e-32,-27.631021115928547,True,5,15249,0,36.04986596107483
20300740,1,full,4,4,(((-1.67 - -1.88) + x0) * log(x0)),dedup=affine,3,affine,15,2,7.43563032929024e-30,4.813248695724553e-32,-27.631021115928547,True,5,1600,555,12.713349103927612
20300740,1,full,4,4,(((-1.67 - -1.88) + x0) * log(x0)),dedup=background,3,background,15,2,4.452750031423289e-30,2.882364013809357e-32,-27.631021115928547,True,5,2561,1048,56.353610038757324
20300740,1,full,4,4,(((-1.67 - -1.88) + x0) * log(x0)),k_ex=4+dedup,4,background,15,2,9.521797645050494e-31,6.163671143716896e-33,-27.631021115928547,True,6,8819,8256,100.45036292076111
20300740,1,full,4,4,(((-1.67 - -1.88) + x0) * log(x0)),beam=5,3,none,5,2,1.0233621352496016e-29,6.624450442810295e-32,-27.631021115928547,True,5,1551,0,7.93337607383728
20300740,1,full,4,4,(((-1.67 - -1.88) + x0) * log(x0)),beam=40,3,none,40,2,3.5745259767827097e-31,2.3138700733694496e-33,-27.631021115928547,True,4,3586,0,43.571040868759155
20300740,1,full,4,4,(((-1.67 - -1.88) + x0) * log(x0)),poly_deg=0,3,none,15,0,1.1709654061874394e-30,7.579919205865439e-33,-27.631021115928547,True,4,2115,0,12.819269180297852
20300740,1,full,4,4,(((-1.67 - -1.88) + x0) * log(x0)),poly_deg=1,3,none,15,1,2.3135811235934987e-29,1.4976324578325713e-31,-27.631021115928547,True,5,2120,0,9.3213529586792
20300740,1,full,4,4,(((-1.67 - -1.88) + x0) * log(x0)),poly_deg=3,3,none,15,3,2.3135811235934987e-29,1.4976324578325713e-31,-27.631021115928547,True,5,2126,0,9.447292804718018
20300741,1,full,4,2,sin((cos(x0) * (x0 / x0))),default,3,none,15,2,7.14711652599402e-32,1.1488854787560451e-30,-27.631021115928547,True,2,76,0,0.017414093017578125
20300741,1,full,4,2,sin((cos(x0) * (x0 / x0))),k_ex=2,2,none,15,2,7.14711652599402e-32,1.1488854787560451e-30,-27.631021115928547,True,2,76,0,0.024379253387451172
20300741,1,full,4,2,sin((cos(x0) * (x0 / x0))),k_ex=4,4,none,15,2,7.14711652599402e-32,1.1488854787560451e-30,-27.631021115928547,True,2,76,0,0.0246579647064209
20300741,1,full,4,2,sin((cos(x0) * (x0 / x0))),dedup=affine,3,affine,15,2,7.14711652599402e-32,1.1488854787560451e-30,-27.631021115928547,True,2,66,10,0.04624605178833008
20300741,1,full,4,2,sin((cos(x0) * (x0 / x0))),dedup=background,3,background,15,2,7.14711652599402e-32,1.1488854787560451e-30,-27.631021115928547,True,2,53,23,0.05323386192321777
20300741,1,full,4,2,sin((cos(x0) * (x0 / x0))),k_ex=4+dedup,4,background,15,2,7.14711652599402e-32,1.1488854787560451e-30,-27.631021115928547,True,2,53,23,0.029369115829467773
20300741,1,full,4,2,sin((cos(x0) * (x0 / x0))),beam=5,3,none,5,2,7.14711652599402e-32,1.1488854787560451e-30,-27.631021115928547,True,2,76,0,0.08465576171875
20300741,1,full,4,2,sin((cos(x0) * (x0 / x0))),beam=40,3,none,40,2,7.14711652599402e-32,1.1488854787560451e-30,-27.631021115928547,True,2,76,0,0.03610706329345703
20300741,1,full,4,2,sin((cos(x0) * (x0 / x0))),poly_deg=0,3,none,15,0,7.14711652599402e-32,1.1488854787560451e-30,-27.631021115928547,True,2,76,0,0.03353619575500488
20300741,1,full,4,2,sin((cos(x0) * (x0 / x0))),poly_deg=1,3,none,15,1,7.14711652599402e-32,1.1488854787560451e-30,-27.631021115928547,True,2,76,0,0.03998899459838867
20300741,1,full,4,2,sin((cos(x0) * (x0 / x0))),poly_deg=3,3,none,15,3,7.14711652599402e-32,1.1488854787560451e-30,-27.631021115928547,True,2,76,0,0.03794097900390625
20300742,1,full,4,3,((x0)^2 * ((x0 / -0.38) - x0)),default,3,none,15,2,2.592133825683827e-25,1.9470313771814957e-31,-27.631021115928547,True,2,76,0,0.0364680290222168
20300742,1,full,4,3,((x0)^2 * ((x0 / -0.38) - x0)),k_ex=2,2,none,15,2,2.592133825683827e-25,1.9470313771814957e-31,-27.631021115928547,True,2,76,0,0.037216901779174805
20300742,1,full,4,3,((x0)^2 * ((x0 / -0.38) - x0)),k_ex=4,4,none,15,2,2.592133825683827e-25,1.9470313771814957e-31,-27.631021115928547,True,2,76,0,0.04249286651611328
20300742,1,full,4,3,((x0)^2 * ((x0 / -0.38) - x0)),dedup=affine,3,affine,15,2,2.592133825683827e-25,1.9470313771814957e-31,-27.631021115928547,True,2,66,10,0.05276799201965332
20300742,1,full,4,3,((x0)^2 * ((x0 / -0.38) - x0)),dedup=background,3,background,15,2,2.592133825683827e-25,1.9470313771814957e-31,-27.631021115928547,True,2,53,23,0.06086587905883789
20300742,1,full,4,3,((x0)^2 * ((x0 / -0.38) - x0)),k_ex=4+dedup,4,background,15,2,2.592133825683827e-25,1.9470313771814957e-31,-27.631021115928547,True,2,53,23,0.04482102394104004
20300742,1,full,4,3,((x0)^2 * ((x0 / -0.38) - x0)),beam=5,3,none,5,2,2.592133825683827e-25,1.9470313771814957e-31,-27.631021115928547,True,2,76,0,0.09857296943664551
20300742,1,full,4,3,((x0)^2 * ((x0 / -0.38) - x0)),beam=40,3,none,40,2,2.592133825683827e-25,1.9470313771814957e-31,-27.631021115928547,True,2,76,0,0.0433809757232666
20300742,1,full,4,3,((x0)^2 * ((x0 / -0.38) - x0)),poly_deg=0,3,none,15,0,2.592133825683827e-25,1.9470313771814957e-31,-27.631021115928547,True,2,76,0,0.02374124526977539
20300742,1,full,4,3,((x0)^2 * ((x0 / -0.38) - x0)),poly_deg=1,3,none,15,1,2.592133825683827e-25,1.9470313771814957e-31,-27.631021115928547,True,2,76,0,0.04296112060546875
20300742,1,full,4,3,((x0)^2 * ((x0 / -0.38) - x0)),poly_deg=3,3,none,15,3,1.4068229839349436e-25,1.0567079773124094e-31,,True,1,1,0,0.013631343841552734
20300743,1,full,4,5,exp(cos(log((-2.21 * x0)))),default,3,none,15,2,1.817596385015454e-33,2.3127778196034057e-30,-27.631021115928547,True,4,2134,0,9.743903875350952
20300743,1,full,4,5,exp(cos(log((-2.21 * x0)))),k_ex=2,2,none,15,2,1.3300953678424348e-32,1.6924632388488498e-29,-27.631021115928547,True,4,1964,0,37.915679931640625
20300743,1,full,4,5,exp(cos(log((-2.21 * x0)))),k_ex=4,4,none,15,2,0.022543444200066487,28.68512402050003,-4.403620812901016,False,8,19065,0,164.97863388061523
20300743,1,full,4,5,exp(cos(log((-2.21 * x0)))),dedup=affine,3,affine,15,2,2.1064858766735392e-33,2.6803716452357354e-30,-27.631021115928547,True,4,1585,536,12.979726076126099
20300743,1,full,4,5,exp(cos(log((-2.21 * x0)))),dedup=background,3,background,15,2,2.1064858766735392e-33,2.6803716452357354e-30,-27.631021115928547,True,4,1416,701,27.06775403022766
20300743,1,full,4,5,exp(cos(log((-2.21 * x0)))),k_ex=4+dedup,4,background,15,2,1.3529657859320332e-32,1.7215644167114095e-29,-27.631021115928547,True,6,8877,8117,54.20650601387024
20300743,1,full,4,5,exp(cos(log((-2.21 * x0)))),beam=5,3,none,5,2,1.817596385015454e-33,2.3127778196034057e-30,-27.631021115928547,True,4,1555,0,7.581606864929199
20300743,1,full,4,5,exp(cos(log((-2.21 * x0)))),beam=40,3,none,40,2,1.817596385015454e-33,2.3127778196034057e-30,-27.631021115928547,True,4,3504,0,22.667909145355225
20300743,1,full,4,5,exp(cos(log((-2.21 * x0)))),poly_deg=0,3,none,15,0,2.1064858766735392e-33,2.6803716452357354e-30,-27.631021115928547,True,4,2194,0,9.87708592414856
20300743,1,full,4,5,exp(cos(log((-2.21 * x0)))),poly_deg=1,3,none,15,1,2.1064858766735392e-33,2.6803716452357354e-30,-27.631021115928547,True,4,2134,0,9.348101139068604
20300743,1,full,4,5,exp(cos(log((-2.21 * x0)))),poly_deg=3,3,none,15,3,2.1064858766735392e-33,2.6803716452357354e-30,-27.631021115928547,True,4,2124,0,8.710936069488525
20300744,1,full,6,4,((-0.99 + (x0 / (x0 / x0))) * ((-0.61 + x0))^2),default,3,none,15,2,1.0358532546457106e-26,9.90685646178895e-32,-27.631021115928544,True,4,76,0,0.025977134704589844
20300744,1,full,6,4,((-0.99 + (x0 / (x0 / x0))) * ((-0.61 + x0))^2),k_ex=2,2,none,15,2,1.0358532546457106e-26,9.90685646178895e-32,-27.631021115928544,True,4,76,0,0.018600940704345703
20300744,1,full,6,4,((-0.99 + (x0 / (x0 / x0))) * ((-0.61 + x0))^2),k_ex=4,4,none,15,2,1.0358532546457106e-26,9.90685646178895e-32,-27.631021115928544,True,4,76,0,0.01339578628540039
20300744,1,full,6,4,((-0.99 + (x0 / (x0 / x0))) * ((-0.61 + x0))^2),dedup=affine,3,affine,15,2,1.0358532546457106e-26,9.90685646178895e-32,-27.631021115928544,True,4,66,10,0.02225208282470703
20300744,1,full,6,4,((-0.99 + (x0 / (x0 / x0))) * ((-0.61 + x0))^2),dedup=background,3,background,15,2,1.0358532546457106e-26,9.90685646178895e-32,-27.631021115928544,True,4,53,23,0.018789052963256836
20300744,1,full,6,4,((-0.99 + (x0 / (x0 / x0))) * ((-0.61 + x0))^2),k_ex=4+dedup,4,background,15,2,1.0358532546457106e-26,9.90685646178895e-32,-27.631021115928544,True,4,53,23,0.025552988052368164
20300744,1,full,6,4,((-0.99 + (x0 / (x0 / x0))) * ((-0.61 + x0))^2),beam=5,3,none,5,2,1.0358532546457106e-26,9.90685646178895e-32,-27.631021115928544,True,4,76,0,0.0323939323425293
20300744,1,full,6,4,((-0.99 + (x0 / (x0 / x0))) * ((-0.61 + x0))^2),beam=40,3,none,40,2,1.0358532546457106e-26,9.90685646178895e-32,-27.631021115928544,True,4,76,0,0.12929320335388184
20300744,1,full,6,4,((-0.99 + (x0 / (x0 / x0))) * ((-0.61 + x0))^2),poly_deg=0,3,none,15,0,2.943240037379595e-27,2.8149022510802357e-32,-27.631021115928547,True,5,3773,0,54.98690390586853
20300744,1,full,6,4,((-0.99 + (x0 / (x0 / x0))) * ((-0.61 + x0))^2),poly_deg=1,3,none,15,1,1.9497486133442528e-26,1.8647312794880488e-31,-27.631021115928547,True,5,2179,0,10.279906034469604
20300744,1,full,6,4,((-0.99 + (x0 / (x0 / x0))) * ((-0.61 + x0))^2),poly_deg=3,3,none,15,3,5.895946405621842e-26,5.638858060727333e-31,,True,3,1,0,0.0013887882232666016
20300745,1,full,6,2,(x0 * (((x0 + (x0 - x0)))^2 / (1.1 + 2.65))),default,3,none,15,2,3.2639119953519363e-28,4.7036180549298583e-32,-27.631021115928547,True,2,76,0,0.07293915748596191
20300745,1,full,6,2,(x0 * (((x0 + (x0 - x0)))^2 / (1.1 + 2.65))),k_ex=2,2,none,15,2,3.2639119953519363e-28,4.7036180549298583e-32,-27.631021115928547,True,2,76,0,0.03579211235046387
20300745,1,full,6,2,(x0 * (((x0 + (x0 - x0)))^2 / (1.1 + 2.65))),k_ex=4,4,none,15,2,3.2639119953519363e-28,4.7036180549298583e-32,-27.631021115928547,True,2,76,0,0.025405168533325195
20300745,1,full,6,2,(x0 * (((x0 + (x0 - x0)))^2 / (1.1 + 2.65))),dedup=affine,3,affine,15,2,3.2639119953519363e-28,4.7036180549298583e-32,-27.631021115928547,True,2,66,10,0.1937260627746582
20300745,1,full,6,2,(x0 * (((x0 + (x0 - x0)))^2 / (1.1 + 2.65))),dedup=background,3,background,15,2,3.2639119953519363e-28,4.7036180549298583e-32,-27.631021115928547,True,2,53,23,0.13278889656066895
20300745,1,full,6,2,(x0 * (((x0 + (x0 - x0)))^2 / (1.1 + 2.65))),k_ex=4+dedup,4,background,15,2,3.2639119953519363e-28,4.7036180549298583e-32,-27.631021115928547,True,2,53,23,0.10377693176269531
20300745,1,full,6,2,(x0 * (((x0 + (x0 - x0)))^2 / (1.1 + 2.65))),beam=5,3,none,5,2,3.2639119953519363e-28,4.7036180549298583e-32,-27.631021115928547,True,2,76,0,0.05195498466491699
20300745,1,full,6,2,(x0 * (((x0 + (x0 - x0)))^2 / (1.1 + 2.65))),beam=40,3,none,40,2,3.2639119953519363e-28,4.7036180549298583e-32,-27.631021115928547,True,2,76,0,0.06035614013671875
20300745,1,full,6,2,(x0 * (((x0 + (x0 - x0)))^2 / (1.1 + 2.65))),poly_deg=0,3,none,15,0,3.2639119953519363e-28,4.7036180549298583e-32,-27.631021115928547,True,2,76,0,0.0176239013671875
20300745,1,full,6,2,(x0 * (((x0 + (x0 - x0)))^2 / (1.1 + 2.65))),poly_deg=1,3,none,15,1,3.2639119953519363e-28,4.7036180549298583e-32,-27.631021115928547,True,2,76,0,0.08967900276184082
20300745,1,full,6,2,(x0 * (((x0 + (x0 - x0)))^2 / (1.1 + 2.65))),poly_deg=3,3,none,15,3,3.332937324558775e-28,4.8030903400794323e-32,,True,1,1,0,0.0010731220245361328
20300746,1,full,6,4,(-2.4 + ((sin(x0) / (x0 / x0)) * (x0 + x0))),default,3,none,15,2,4.254379247151404e-30,5.111343595887842e-32,-27.631021115928547,True,2,76,0,0.04054999351501465
20300746,1,full,6,4,(-2.4 + ((sin(x0) / (x0 / x0)) * (x0 + x0))),k_ex=2,2,none,15,2,4.254379247151404e-30,5.111343595887842e-32,-27.631021115928547,True,2,76,0,0.026536941528320312
20300746,1,full,6,4,(-2.4 + ((sin(x0) / (x0 / x0)) * (x0 + x0))),k_ex=4,4,none,15,2,4.254379247151404e-30,5.111343595887842e-32,-27.631021115928547,True,2,76,0,0.08133196830749512
20300746,1,full,6,4,(-2.4 + ((sin(x0) / (x0 / x0)) * (x0 + x0))),dedup=affine,3,affine,15,2,4.254379247151404e-30,5.111343595887842e-32,-27.631021115928547,True,2,66,10,0.03297686576843262
20300746,1,full,6,4,(-2.4 + ((sin(x0) / (x0 / x0)) * (x0 + x0))),dedup=background,3,background,15,2,4.254379247151404e-30,5.111343595887842e-32,-27.631021115928547,True,2,53,23,0.04153585433959961
20300746,1,full,6,4,(-2.4 + ((sin(x0) / (x0 / x0)) * (x0 + x0))),k_ex=4+dedup,4,background,15,2,4.254379247151404e-30,5.111343595887842e-32,-27.631021115928547,True,2,53,23,0.04280209541320801
20300746,1,full,6,4,(-2.4 + ((sin(x0) / (x0 / x0)) * (x0 + x0))),beam=5,3,none,5,2,4.254379247151404e-30,5.111343595887842e-32,-27.631021115928547,True,2,76,0,0.015892982482910156
20300746,1,full,6,4,(-2.4 + ((sin(x0) / (x0 / x0)) * (x0 + x0))),beam=40,3,none,40,2,4.254379247151404e-30,5.111343595887842e-32,-27.631021115928547,True,2,76,0,0.01653599739074707
20300746,1,full,6,4,(-2.4 + ((sin(x0) / (x0 / x0)) * (x0 + x0))),poly_deg=0,3,none,15,0,4.254379247151404e-30,5.111343595887842e-32,-27.631021115928547,True,2,76,0,0.010256767272949219
20300746,1,full,6,4,(-2.4 + ((sin(x0) / (x0 / x0)) * (x0 + x0))),poly_deg=1,3,none,15,1,4.254379247151404e-30,5.111343595887842e-32,-27.631021115928547,True,2,76,0,0.011579036712646484
20300746,1,full,6,4,(-2.4 + ((sin(x0) / (x0 / x0)) * (x0 + x0))),poly_deg=3,3,none,15,3,4.254379247151404e-30,5.111343595887842e-32,-27.631021115928547,True,2,76,0,0.018466949462890625
20300747,1,full,6,3,((cos((x0 / (x0 * (2.32 / x0)))))^2)^2,default,3,none,15,2,7.13224817643624e-11,7.512421553349755e-10,-22.454632075888092,False,7,7860,0,208.6527419090271
20300747,1,full,6,3,((cos((x0 / (x0 * (2.32 / x0)))))^2)^2,k_ex=2,2,none,15,2,1.0708508954446792e-11,1.1279309340273363e-10,-23.49913228966691,False,5,3441,0,39.045575857162476
20300747,1,full,6,3,((cos((x0 / (x0 * (2.32 / x0)))))^2)^2,k_ex=4,4,none,15,2,1.9014155290692635e-08,2.0027675214172438e-07,-16.284226908134535,False,7,19439,0,85.20039892196655
20300747,1,full,6,3,((cos((x0 / (x0 * (2.32 / x0)))))^2)^2,dedup=affine,3,affine,15,2,7.13224817643624e-11,7.512421553349755e-10,-22.454632075888092,False,7,6487,1400,133.48277497291565
20300747,1,full,6,3,((cos((x0 / (x0 * (2.32 / x0)))))^2)^2,dedup=background,3,background,15,2,7.13224817643624e-11,7.512421553349755e-10,-22.454632075888092,False,7,5827,1952,124.0401599407196
20300747,1,full,6,3,((cos((x0 / (x0 * (2.32 / x0)))))^2)^2,k_ex=4+dedup,4,background,15,2,2.041519744111435e-15,2.1503397733581276e-14,-27.631007379432805,True,7,10822,8623,278.57505106925964
20300747,1,full,6,3,((cos((x0 / (x0 * (2.32 / x0)))))^2)^2,beam=5,3,none,5,2,1.921983332186098e-13,2.024431659234328e-12,-23.105486173088213,True,7,4508,0,556.311882019043
20300747,1,full,6,3,((cos((x0 / (x0 * (2.32 / x0)))))^2)^2,beam=40,3,none,40,2,2.4888969727636955e-10,2.621563748164407e-09,-22.269867930674828,False,6,11127,0,519.9987549781799
20300747,1,full,6,3,((cos((x0 / (x0 * (2.32 / x0)))))^2)^2,poly_deg=0,3,none,15,0,3.419720517179004e-11,3.602003391380107e-10,-22.517925992857833,False,6,5683,0,272.14941906929016
20300747,1,full,6,3,((cos((x0 / (x0 * (2.32 / x0)))))^2)^2,poly_deg=1,3,none,15,1,6.48727588244668e-11,6.833070016103943e-10,-22.74463667528816,False,6,5657,0,261.44505500793457
20300747,1,full,6,3,((cos((x0 / (x0 * (2.32 / x0)))))^2)^2,poly_deg=3,3,none,15,3,4.791092482427925e-14,5.046474202622034e-13,-27.606132687759896,True,7,7887,0,396.51176500320435
20300748,1,full,6,8,cos((exp(sin(sqrt(x0))) * (x0 / -2.94))),default,3,none,15,2,0.0009418625861902665,1.116951764861714,-7.6143877151554955,False,8,7965,0,160.2108371257782
20300748,1,full,6,8,cos((exp(sin(sqrt(x0))) * (x0 / -2.94))),k_ex=2,2,none,15,2,0.6824325502834683,809.2945325723116,-7.119329530222925,False,6,7701,0,206.93017721176147
20300748,1,full,6,8,cos((exp(sin(sqrt(x0))) * (x0 / -2.94))),k_ex=4,4,none,15,2,0.020899709562848548,24.784897312616252,-6.152378221944508,False,7,19397,0,70.03215479850769
20300748,1,full,6,8,cos((exp(sin(sqrt(x0))) * (x0 / -2.94))),dedup=affine,3,affine,15,2,0.6824325502834683,809.2945325723116,-7.119329530222925,False,6,6418,1372,211.27989506721497
20300748,1,full,6,8,cos((exp(sin(sqrt(x0))) * (x0 / -2.94))),dedup=background,3,background,15,2,0.6824325502834683,809.2945325723116,-7.119329530222925,False,6,5902,1839,721.2032566070557
20300748,1,full,6,8,cos((exp(sin(sqrt(x0))) * (x0 / -2.94))),k_ex=4+dedup,4,background,15,2,1.1452060931812601e-30,1.358096165687164e-27,-27.631021115928547,True,7,11071,8533,253.31734585762024
20300748,1,full,6,8,cos((exp(sin(sqrt(x0))) * (x0 / -2.94))),beam=5,3,none,5,2,0.47219013145062716,559.9687347253005,-6.6292922684533,False,9,4562,0,242.65364408493042
20300748,1,full,6,8,cos((exp(sin(sqrt(x0))) * (x0 / -2.94))),beam=40,3,none,40,2,0.6824325502834683,809.2945325723116,-7.119329530222925,False,6,16528,0,1020.4275188446045
20300748,1,full,6,8,cos((exp(sin(sqrt(x0))) * (x0 / -2.94))),poly_deg=0,3,none,15,0,0.03286286690245467,38.971966530261234,-7.299981349810926,False,6,8131,0,265.7031497955322
20300748,1,full,6,8,cos((exp(sin(sqrt(x0))) * (x0 / -2.94))),poly_deg=1,3,none,15,1,0.03294592689356726,39.070467102449655,-7.30907523568395,False,7,8067,0,328.44686102867126
20300748,1,full,6,8,cos((exp(sin(sqrt(x0))) * (x0 / -2.94))),poly_deg=3,3,none,15,3,0.000927279976380557,1.0996582955148444,-7.600500664864292,False,10,7968,0,234.31205773353577
20300749,1,full,6,4,sqrt(cos(((x0 * x0) + (x0 - (x0 * x0))))),default,3,none,15,2,8.19454302387603e-30,1.5503867831664196e-28,-27.631021115928547,True,2,76,0,0.019128084182739258
20300749,1,full,6,4,sqrt(cos(((x0 * x0) + (x0 - (x0 * x0))))),k_ex=2,2,none,15,2,8.19454302387603e-30,1.5503867831664196e-28,-27.631021115928547,True,2,76,0,0.01901531219482422
20300749,1,full,6,4,sqrt(cos(((x0 * x0) + (x0 - (x0 * x0))))),k_ex=4,4,none,15,2,8.19454302387603e-30,1.5503867831664196e-28,-27.631021115928547,True,2,76,0,0.031066179275512695
20300749,1,full,6,4,sqrt(cos(((x0 * x0) + (x0 - (x0 * x0))))),dedup=affine,3,affine,15,2,8.19454302387603e-30,1.5503867831664196e-28,-27.631021115928547,True,2,66,10,0.07117176055908203
20300749,1,full,6,4,sqrt(cos(((x0 * x0) + (x0 - (x0 * x0))))),dedup=background,3,background,15,2,8.19454302387603e-30,1.5503867831664196e-28,-27.631021115928547,True,2,53,23,0.027823925018310547
20300749,1,full,6,4,sqrt(cos(((x0 * x0) + (x0 - (x0 * x0))))),k_ex=4+dedup,4,background,15,2,8.19454302387603e-30,1.5503867831664196e-28,-27.631021115928547,True,2,53,23,0.07112908363342285
20300749,1,full,6,4,sqrt(cos(((x0 * x0) + (x0 - (x0 * x0))))),beam=5,3,none,5,2,8.19454302387603e-30,1.5503867831664196e-28,-27.631021115928547,True,2,76,0,0.044538021087646484
20300749,1,full,6,4,sqrt(cos(((x0 * x0) + (x0 - (x0 * x0))))),beam=40,3,none,40,2,8.19454302387603e-30,1.5503867831664196e-28,-27.631021115928547,True,2,76,0,0.022719383239746094
20300749,1,full,6,4,sqrt(cos(((x0 * x0) + (x0 - (x0 * x0))))),poly_deg=0,3,none,15,0,8.19454302387603e-30,1.5503867831664196e-28,-27.631021115928547,True,2,76,0,0.032891035079956055
20300749,1,full,6,4,sqrt(cos(((x0 * x0) + (x0 - (x0 * x0))))),poly_deg=1,3,none,15,1,8.19454302387603e-30,1.5503867831664196e-28,-27.631021115928547,True,2,76,0,0.02911996841430664
20300749,1,full,6,4,sqrt(cos(((x0 * x0) + (x0 - (x0 * x0))))),poly_deg=3,3,none,15,3,8.19454302387603e-30,1.5503867831664196e-28,-27.631021115928547,True,2,76,0,0.023684024810791016
20300750,1,full,6,8,log((sin(x0) + (0.99 + exp((x0 * -1.54))))),default,3,none,15,2,1.4637130814318704,0.05292890858203458,0.3267320757996312,False,9,7975,0,175.40150904655457
20300750,1,full,6,8,log((sin(x0) + (0.99 + exp((x0 * -1.54))))),k_ex=2,2,none,15,2,2911.3473427289755,105.2763955645659,1.5204930907482548,False,3,7735,0,234.80567979812622
20300750,1,full,6,8,log((sin(x0) + (0.99 + exp((x0 * -1.54))))),k_ex=4,4,none,15,2,2442.354567722852,88.31728245091485,0.2583774941282976,False,7,19596,0,104.35128235816956
20300750,1,full,6,8,log((sin(x0) + (0.99 + exp((x0 * -1.54))))),dedup=affine,3,affine,15,2,48.410857473937284,1.7505711208847987,0.8407578064379675,False,8,6575,1407,488.41876196861267
20300750,1,full,6,8,log((sin(x0) + (0.99 + exp((x0 * -1.54))))),dedup=background,3,background,15,2,153.76731379442532,5.560335695550717,0.93814607851963,False,9,6129,1782,633.6876378059387
20300750,1,full,6,8,log((sin(x0) + (0.99 + exp((x0 * -1.54))))),k_ex=4+dedup,4,background,15,2,2442.354584786929,88.31728306796404,0.2583774941282976,False,7,10890,8606,310.8830769062042
20300750,1,full,6,8,log((sin(x0) + (0.99 + exp((x0 * -1.54))))),beam=5,3,none,5,2,37.77469304654505,1.3659598321134925,0.8295840962137604,False,7,4452,0,274.8576719760895
20300750,1,full,6,8,log((sin(x0) + (0.99 + exp((x0 * -1.54))))),beam=40,3,none,40,2,388.30112208853234,14.041245414859675,0.39736812175865477,False,7,16411,0,843.2368779182434
20300750,1,full,6,8,log((sin(x0) + (0.99 + exp((x0 * -1.54))))),poly_deg=0,3,none,15,0,199.81391377090702,7.225413579724943,-0.48328011540315574,False,6,8186,0,275.52179980278015
20300750,1,full,6,8,log((sin(x0) + (0.99 + exp((x0 * -1.54))))),poly_deg=1,3,none,15,1,111.81963869083566,4.043477857117764,0.17094717809772364,False,3,7973,0,338.0408248901367
20300750,1,full,6,8,log((sin(x0) + (0.99 + exp((x0 * -1.54))))),poly_deg=3,3,none,15,3,107.18834168001993,3.876006855313285,-0.2368355216639768,False,4,8007,0,158.10571694374084
20300751,1,full,6,5,(x0 * log(cos((sqrt((x0 / x0)) / x0)))),default,3,none,15,2,0.03553971939565082,5.646326911210107,-3.3637067059511025,False,5,8089,0,142.72465300559998
20300751,1,full,6,5,(x0 * log(cos((sqrt((x0 / x0)) / x0)))),k_ex=2,2,none,15,2,0.0043550714158827565,0.6919063333614822,-4.588154563150855,False,7,8063,0,297.3241000175476
20300751,1,full,6,5,(x0 * log(cos((sqrt((x0 / x0)) / x0)))),k_ex=4,4,none,15,2,1.0533181699752222e-32,1.6734456068680975e-30,-27.631021115928547,True,5,15259,0,6.827064037322998
20300751,1,full,6,5,(x0 * log(cos((sqrt((x0 / x0)) / x0)))),dedup=affine,3,affine,15,2,3.1987237020739565,508.19308727451636,-3.576479285917853,False,7,6618,1525,193.4961416721344
20300751,1,full,6,5,(x0 * log(cos((sqrt((x0 / x0)) / x0)))),dedup=background,3,background,15,2,0.03553971939565082,5.646326911210107,-3.3637067059511025,False,5,6221,1755,664.7297222614288
20300751,1,full,6,5,(x0 * log(cos((sqrt((x0 / x0)) / x0)))),k_ex=4+dedup,4,background,15,2,1.0533181699752222e-32,1.6734456068680975e-30,-27.631021115928547,True,5,7405,7832,16.403419971466064
20300751,1,full,6,5,(x0 * log(cos((sqrt((x0 / x0)) / x0)))),beam=5,3,none,5,2,0.0001368289938200431,0.021738529261839234,-6.14777622521118,False,9,4572,0,190.3919758796692
20300751,1,full,6,5,(x0 * log(cos((sqrt((x0 / x0)) / x0)))),beam=40,3,none,40,2,0.00013683004150814594,0.02173869571193029,-6.14777931847955,False,8,16954,0,1194.653881072998
20300751,1,full,6,5,(x0 * log(cos((sqrt((x0 / x0)) / x0)))),poly_deg=0,3,none,15,0,0.0046973176788924756,0.7462802653438869,-5.231293552543056,False,2,7988,0,246.830176115036
20300751,1,full,6,5,(x0 * log(cos((sqrt((x0 / x0)) / x0)))),poly_deg=1,3,none,15,1,0.040217537277177376,6.389509171490852,-6.48798054831115,False,8,8019,0,177.17570114135742
20300751,1,full,6,5,(x0 * log(cos((sqrt((x0 / x0)) / x0)))),poly_deg=3,3,none,15,3,5.1323603035997816e-30,8.153970991619092e-28,-27.631021115928547,True,6,5739,0,98.33594918251038
20300752,1,full,8,4,((exp((x0 / (-2.67)^2)) / x0) - cos(sqrt(sin(-1.44)))),default,3,none,15,2,1.04674717041436e-16,2.046635887253053e-15,-27.63099023545675,True,4,2149,0,6.184117078781128
20300752,1,full,8,4,((exp((x0 / (-2.67)^2)) / x0) - cos(sqrt(sin(-1.44)))),k_ex=2,2,none,15,2,3.8918943381978465e-07,7.609564990559835e-06,-18.655162178116303,False,5,758,0,3.5569849014282227
20300752,1,full,8,4,((exp((x0 / (-2.67)^2)) / x0) - cos(sqrt(sin(-1.44)))),k_ex=4,4,none,15,2,5.976184252521477e-07,1.1684839955387972e-05,-18.650259599865613,False,8,17306,0,33.20269584655762
20300752,1,full,8,4,((exp((x0 / (-2.67)^2)) / x0) - cos(sqrt(sin(-1.44)))),dedup=affine,3,affine,15,2,1.04674717041436e-16,2.046635887253053e-15,-27.63099023545675,True,4,1574,556,3.870828866958618
20300752,1,full,8,4,((exp((x0 / (-2.67)^2)) / x0) - cos(sqrt(sin(-1.44)))),dedup=background,3,background,15,2,1.04674717041436e-16,2.046635887253053e-15,-27.63099023545675,True,4,1391,703,3.806380033493042
20300752,1,full,8,4,((exp((x0 / (-2.67)^2)) / x0) - cos(sqrt(sin(-1.44)))),k_ex=4+dedup,4,background,15,2,3.106608543900111e-14,6.074147333090985e-13,-27.624126582940782,True,5,7290,7948,6.827192068099976
20300752,1,full,8,4,((exp((x0 / (-2.67)^2)) / x0) - cos(sqrt(sin(-1.44)))),beam=5,3,none,5,2,1.04674717041436e-16,2.046635887253053e-15,-27.63099023545675,True,4,1553,0,2.0541787147521973
20300752,1,full,8,4,((exp((x0 / (-2.67)^2)) / x0) - cos(sqrt(sin(-1.44)))),beam=40,3,none,40,2,1.04674717041436e-16,2.046635887253053e-15,-27.63099023545675,True,4,3505,0,9.466722011566162
20300752,1,full,8,4,((exp((x0 / (-2.67)^2)) / x0) - cos(sqrt(sin(-1.44)))),poly_deg=0,3,none,15,0,4.480094178574931e-07,8.759633446647199e-06,-18.51282911999492,False,7,8229,0,242.89453125
20300752,1,full,8,4,((exp((x0 / (-2.67)^2)) / x0) - cos(sqrt(sin(-1.44)))),poly_deg=1,3,none,15,1,8.536196670484498e-11,1.6690263838542617e-09,-24.061420933964396,True,8,8266,0,524.5239789485931
20300752,1,full,8,4,((exp((x0 / (-2.67)^2)) / x0) - cos(sqrt(sin(-1.44)))),poly_deg=3,3,none,15,3,3.7606252590140314e-07,7.352903194915421e-06,-14.211787218281525,False,5,76,0,0.0210878849029541
20300753,1,full,8,9,exp(sqrt(sqrt(((x0 * (x0 * x0)) + log(cos(x0)))))),default,3,none,15,2,360.41561008257094,0.5956121251158488,-1.6233236303704799,False,8,8129,0,193.6121208667755
20300753,1,full,8,9,exp(sqrt(sqrt(((x0 * (x0 * x0)) + log(cos(x0)))))),k_ex=2,2,none,15,2,481.49954138244794,0.7957118311812403,1.1630026142639485,False,2,7767,0,955.4653601646423
20300753,1,full,8,9,exp(sqrt(sqrt(((x0 * (x0 * x0)) + log(cos(x0)))))),k_ex=4,4,none,15,2,356.2113960933479,0.5886643660329688,-1.3104700538041787,False,7,19770,0,425.81272983551025
20300753,1,full,8,9,exp(sqrt(sqrt(((x0 * (x0 * x0)) + log(cos(x0)))))),dedup=affine,3,affine,15,2,360.4156113717569,0.5956121272463192,-1.6233236294522893,False,8,6682,1397,599.0866801738739
20300753,1,full,8,9,exp(sqrt(sqrt(((x0 * (x0 * x0)) + log(cos(x0)))))),dedup=background,3,background,15,2,356.2113959071295,0.5886643657252298,-1.3104700293427207,False,6,6366,1754,353.9589891433716
20300753,1,full,8,9,exp(sqrt(sqrt(((x0 * (x0 * x0)) + log(cos(x0)))))),k_ex=4+dedup,4,background,15,2,439.9595645022201,0.7270641000210182,0.03253752890227088,False,5,10967,8634,121.34229683876038
20300753,1,full,8,9,exp(sqrt(sqrt(((x0 * (x0 * x0)) + log(cos(x0)))))),beam=5,3,none,5,2,439.9595645022201,0.7270641000210182,0.03253752890227088,False,5,4679,0,181.07655787467957
20300753,1,full,8,9,exp(sqrt(sqrt(((x0 * (x0 * x0)) + log(cos(x0)))))),beam=40,3,none,40,2,360.4156113717569,0.5956121272463192,-1.6233236294522893,False,8,16886,0,686.6029829978943
20300753,1,full,8,9,exp(sqrt(sqrt(((x0 * (x0 * x0)) + log(cos(x0)))))),poly_deg=0,3,none,15,0,371.52827141703904,0.6139765789517937,-1.5723928361585848,False,6,7797,0,149.347314119339
20300753,1,full,8,9,exp(sqrt(sqrt(((x0 * (x0 * x0)) + log(cos(x0)))))),poly_deg=1,3,none,15,1,38.54123709657458,0.06369210292091804,-1.1122969386029926,False,7,7897,0,151.28980588912964
20300753,1,full,8,9,exp(sqrt(sqrt(((x0 * (x0 * x0)) + log(cos(x0)))))),poly_deg=3,3,none,15,3,331.3395640763489,0.5475619156708014,1.0658221214491765,False,7,8210,0,169.79890370368958
20300754,1,full,8,7,exp(cos((cos((x0 * x0)) + ((x0 + (1.16 + x0)) / x0)))),default,3,none,15,2,0.007053157322047689,0.02135794154909614,-4.390596817937983,False,9,7507,0,109.47651267051697
20300754,1,full,8,7,exp(cos((cos((x0 * x0)) + ((x0 + (1.16 + x0)) / x0)))),k_ex=2,2,none,15,2,0.7026437750348323,2.1277030968980757,-1.2915263439377385,False,8,7638,0,762.7720022201538
20300754,1,full,8,7,exp(cos((cos((x0 * x0)) + ((x0 + (1.16 + x0)) / x0)))),k_ex=4,4,none,15,2,0.211657926758732,0.6409296463563704,-1.2906980037683042,False,6,19078,0,198.98486804962158
20300754,1,full,8,7,exp(cos((cos((x0 * x0)) + ((x0 + (1.16 + x0)) / x0)))),dedup=affine,3,affine,15,2,0.013868519830201891,0.04199580732164051,-3.9304263976834033,False,9,6167,1400,365.5979609489441
20300754,1,full,8,7,exp(cos((cos((x0 * x0)) + ((x0 + (1.16 + x0)) / x0)))),dedup=background,3,background,15,2,0.211657926758732,0.6409296463563704,-1.2906980037683042,False,6,5800,1734,282.1097469329834
20300754,1,full,8,7,exp(cos((cos((x0 * x0)) + ((x0 + (1.16 + x0)) / x0)))),k_ex=4+dedup,4,background,15,2,0.211657926758732,0.6409296463563704,-1.2906980037683042,False,6,10497,8575,242.58945202827454
20300754,1,full,8,7,exp(cos((cos((x0 * x0)) + ((x0 + (1.16 + x0)) / x0)))),beam=5,3,none,5,2,0.8936033354147879,2.7059552104709663,-0.8153278767306533,False,9,4297,0,163.01980686187744
20300754,1,full,8,7,exp(cos((cos((x0 * x0)) + ((x0 + (1.16 + x0)) / x0)))),beam=40,3,none,40,2,0.005140411533221244,0.015565881214877668,-4.661629985350027,False,9,15319,0,350.3429100513458
20300754,1,full,8,7,exp(cos((cos((x0 * x0)) + ((x0 + (1.16 + x0)) / x0)))),poly_deg=0,3,none,15,0,0.3022208819535629,0.9151668730687696,-1.460919984631611,False,7,7659,0,182.95141983032227
20300754,1,full,8,7,exp(cos((cos((x0 * x0)) + ((x0 + (1.16 + x0)) / x0)))),poly_deg=1,3,none,15,1,0.08238263341722929,0.24946607438992566,-2.9561137743414934,False,8,7551,0,150.13880610466003
20300754,1,full,8,7,exp(cos((cos((x0 * x0)) + ((x0 + (1.16 + x0)) / x0)))),poly_deg=3,3,none,15,3,0.20836617267543267,0.6309617570700593,-1.4709104032726494,False,10,7494,0,199.11576533317566
20300755,1,full,8,9,(exp(x0) / (cos(sin((x0 * cos(x0)))) - (x0 - -2.66))),default,3,none,15,2,178.2489151282524,0.035869219724983636,-0.3853853525685311,False,5,8181,0,965.8106079101562
20300755,1,full,8,9,(exp(x0) / (cos(sin((x0 * cos(x0)))) - (x0 - -2.66))),k_ex=2,2,none,15,2,198.63774769889764,0.03997208629719348,0.1427065170613803,False,3,8089,0,872.3841478824615
20300755,1,full,8,9,(exp(x0) / (cos(sin((x0 * cos(x0)))) - (x0 - -2.66))),k_ex=4,4,none,15,2,178.2489151282524,0.035869219724983636,-0.3853853525685311,False,5,19449,0,177.6708118915558
20300755,1,full,8,9,(exp(x0) / (cos(sin((x0 * cos(x0)))) - (x0 - -2.66))),dedup=affine,3,affine,15,2,178.2489151282524,0.035869219724983636,-0.3853853525685311,False,5,6365,1549,215.70186805725098
20300755,1,full,8,9,(exp(x0) / (cos(sin((x0 * cos(x0)))) - (x0 - -2.66))),dedup=background,3,background,15,2,178.2489151282524,0.035869219724983636,-0.3853853525685311,False,5,6211,1802,261.653559923172
20300755,1,full,8,9,(exp(x0) / (cos(sin((x0 * cos(x0)))) - (x0 - -2.66))),k_ex=4+dedup,4,background,15,2,178.2489151282524,0.035869219724983636,-0.3853853525685311,False,5,10639,8559,126.6086311340332
20300755,1,full,8,9,(exp(x0) / (cos(sin((x0 * cos(x0)))) - (x0 - -2.66))),beam=5,3,none,5,2,198.63774769889764,0.03997208629719348,0.1427065170613803,False,3,4588,0,130.90485000610352
20300755,1,full,8,9,(exp(x0) / (cos(sin((x0 * cos(x0)))) - (x0 - -2.66))),beam=40,3,none,40,2,20.469982315829437,0.004119196422175802,-1.502220684386889,False,7,16759,0,416.5528767108917
20300755,1,full,8,9,(exp(x0) / (cos(sin((x0 * cos(x0)))) - (x0 - -2.66))),poly_deg=0,3,none,15,0,187.3030568967049,0.037691194351197214,-2.283042758022541,False,4,8029,0,159.54810905456543
20300755,1,full,8,9,(exp(x0) / (cos(sin((x0 * cos(x0)))) - (x0 - -2.66))),poly_deg=1,3,none,15,1,640.2234839912946,0.12883285603087774,0.7041257918951632,False,2,8021,0,140.5716371536255
20300755,1,full,8,9,(exp(x0) / (cos(sin((x0 * cos(x0)))) - (x0 - -2.66))),poly_deg=3,3,none,15,3,145.75515327539472,0.029330465294120294,1.1628689085374053,False,6,8014,0,154.69651412963867
20300756,1,full,8,6,sqrt((((x0 * x0) / (x0 * x0)) - ((0.41 + 0.88) / (x0 * x0)))),default,3,none,15,2,6.5116163078049895e-24,2.9360180805450365e-19,-27.631021115921545,True,6,5375,0,393.0445909500122
20300756,1,full,8,6,sqrt((((x0 * x0) / (x0 * x0)) - ((0.41 + 0.88) / (x0 * x0)))),k_ex=2,2,none,15,2,0.005149645643869479,232.19200892838563,-4.703359795291772,False,8,7659,0,1016.2256088256836
20300756,1,full,8,6,sqrt((((x0 * x0) / (x0 * x0)) - ((0.41 + 0.88) / (x0 * x0)))),k_ex=4,4,none,15,2,4.881607686524613e-06,0.2201064643901792,-13.034128811516283,False,7,19280,0,287.25108313560486
20300756,1,full,8,6,sqrt((((x0 * x0) / (x0 * x0)) - ((0.41 + 0.88) / (x0 * x0)))),dedup=affine,3,affine,15,2,1.3351724299928243,60201.49544753525,-2.5559151395445086,False,8,5935,1646,226.64176297187805
20300756,1,full,8,6,sqrt((((x0 * x0) / (x0 * x0)) - ((0.41 + 0.88) / (x0 * x0)))),dedup=background,3,background,15,2,9.850978188183443e-26,4.4417006015686065e-21,-27.63102111592847,True,6,3862,1614,68.3617057800293
20300756,1,full,8,6,sqrt((((x0 * x0) / (x0 * x0)) - ((0.41 + 0.88) / (x0 * x0)))),k_ex=4+dedup,4,background,15,2,5.490441085459132e-30,2.4755811053783133e-25,-27.631021115928547,True,7,10400,8861,149.34940695762634
20300756,1,full,8,6,sqrt((((x0 * x0) / (x0 * x0)) - ((0.41 + 0.88) / (x0 * x0)))),beam=5,3,none,5,2,1.3351724401603824,60201.495905979566,-2.5559659129379173,False,8,4327,0,73.88577008247375
20300756,1,full,8,6,sqrt((((x0 * x0) / (x0 * x0)) - ((0.41 + 0.88) / (x0 * x0)))),beam=40,3,none,40,2,9.336286160202186e-26,4.2096314763878024e-21,-27.631021115928448,True,5,6965,0,87.75734400749207
20300756,1,full,8,6,sqrt((((x0 * x0) / (x0 * x0)) - ((0.41 + 0.88) / (x0 * x0)))),poly_deg=0,3,none,15,0,4.675570793229938e-22,2.108164814523422e-17,-27.63102111543683,True,7,8031,0,340.81519412994385
20300756,1,full,8,6,sqrt((((x0 * x0) / (x0 * x0)) - ((0.41 + 0.88) / (x0 * x0)))),poly_deg=1,3,none,15,1,1.3912689073961092e-24,6.27308255573809e-20,-27.63102111592726,True,7,8001,0,234.24931287765503
20300756,1,full,8,6,sqrt((((x0 * x0) / (x0 * x0)) - ((0.41 + 0.88) / (x0 * x0)))),poly_deg=3,3,none,15,3,1.3304761797328486,59989.74655106655,-2.3769873122578127,False,9,7457,0,121.62739586830139
20300757,1,full,8,9,cos((log((exp((cos(2.05) * x0)) * x0)) - exp(x0))),default,3,none,15,2,3.153268787007676,7.80228571179384,-1.360789122782841,False,8,7377,0,224.87622094154358
20300757,1,full,8,9,cos((log((exp((cos(2.05) * x0)) * x0)) - exp(x0))),k_ex=2,2,none,15,2,4.4315341741474565,10.96515968151517,-1.0877880689671415,False,4,7512,0,386.89243388175964
20300757,1,full,8,9,cos((log((exp((cos(2.05) * x0)) * x0)) - exp(x0))),k_ex=4,4,none,15,2,4.4315341741474565,10.96515968151517,-1.0877880689671415,False,4,19114,0,125.52443385124207
20300757,1,full,8,9,cos((log((exp((cos(2.05) * x0)) * x0)) - exp(x0))),dedup=affine,3,affine,15,2,4.4315341741474565,10.96515968151517,-1.0877880689671415,False,4,6261,1264,211.22480988502502
20300757,1,full,8,9,cos((log((exp((cos(2.05) * x0)) * x0)) - exp(x0))),dedup=background,3,background,15,2,4.4315341741474565,10.96515968151517,-1.0877880689671415,False,4,5804,1654,90.09198784828186
20300757,1,full,8,9,cos((log((exp((cos(2.05) * x0)) * x0)) - exp(x0))),k_ex=4+dedup,4,background,15,2,3.8815401863106835,9.604282914348248,-1.2543914021727813,False,8,10622,8385,50.23893690109253
20300757,1,full,8,9,cos((log((exp((cos(2.05) * x0)) * x0)) - exp(x0))),beam=5,3,none,5,2,4.4315341741474565,10.96515968151517,-1.0877880689671415,False,4,4363,0,51.85323214530945
20300757,1,full,8,9,cos((log((exp((cos(2.05) * x0)) * x0)) - exp(x0))),beam=40,3,none,40,2,4.4315341741474565,10.96515968151517,-1.0877880689671415,False,4,15779,0,322.33094692230225
20300757,1,full,8,9,cos((log((exp((cos(2.05) * x0)) * x0)) - exp(x0))),poly_deg=0,3,none,15,0,0.5847481049418748,1.446870562695044,-1.2808834530458728,False,4,7804,0,110.485759973526
20300757,1,full,8,9,cos((log((exp((cos(2.05) * x0)) * x0)) - exp(x0))),poly_deg=1,3,none,15,1,1.4953072301606931,3.699911115949025,-1.5418965177050892,False,8,7663,0,135.88657402992249
20300757,1,full,8,9,cos((log((exp((cos(2.05) * x0)) * x0)) - exp(x0))),poly_deg=3,3,none,15,3,3.4104679726061575,8.438686116081723,-1.3109286113529828,False,10,7491,0,82.39218997955322
20300758,1,full,8,34,(x0 + sqrt(((x0 - 1.74) * exp(exp((cos(x0))^2))))),default,3,none,15,2,9.185232574923898,0.25235145363230493,0.13232188329675354,False,8,7877,0,324.94574213027954
20300758,1,full,8,34,(x0 + sqrt(((x0 - 1.74) * exp(exp((cos(x0))^2))))),k_ex=2,2,none,15,2,0.0005654771961920692,1.5535697250014493e-05,-6.9609976826311355,False,9,7688,0,255.48936486244202
20300758,1,full,8,34,(x0 + sqrt(((x0 - 1.74) * exp(exp((cos(x0))^2))))),k_ex=4,4,none,15,2,4.295754333392051,0.11801985868471478,-1.035710692891018,False,8,19307,0,81.74417996406555
20300758,1,full,8,34,(x0 + sqrt(((x0 - 1.74) * exp(exp((cos(x0))^2))))),dedup=affine,3,affine,15,2,8.476658385746216,0.23288436608860152,0.2750990559423258,False,9,6470,1272,134.0257740020752
20300758,1,full,8,34,(x0 + sqrt(((x0 - 1.74) * exp(exp((cos(x0))^2))))),dedup=background,3,background,15,2,8.47665846827392,0.23288436835593507,0.27509885332915757,False,9,5920,1712,137.2583770751953
20300758,1,full,8,34,(x0 + sqrt(((x0 - 1.74) * exp(exp((cos(x0))^2))))),k_ex=4+dedup,4,background,15,2,4.295754333392051,0.11801985868471478,-1.035710692891018,False,8,10671,8545,64.79051804542542
20300758,1,full,8,34,(x0 + sqrt(((x0 - 1.74) * exp(exp((cos(x0))^2))))),beam=5,3,none,5,2,6.202522333554068,0.17040564997040084,0.7338952597266043,False,6,4512,0,41.47891879081726
20300758,1,full,8,34,(x0 + sqrt(((x0 - 1.74) * exp(exp((cos(x0))^2))))),beam=40,3,none,40,2,9.185232855274071,0.2523514613345349,0.1323219132740064,False,8,15826,0,325.70710277557373
20300758,1,full,8,34,(x0 + sqrt(((x0 - 1.74) * exp(exp((cos(x0))^2))))),poly_deg=0,3,none,15,0,12.581540707484185,0.34566028247727393,0.2022504040058689,False,7,7592,0,52.566654920578
20300758,1,full,8,34,(x0 + sqrt(((x0 - 1.74) * exp(exp((cos(x0))^2))))),poly_deg=1,3,none,15,1,9.063737932396695,0.24901355778696962,0.8462263091196531,False,4,7674,0,86.72780108451843
20300758,1,full,8,34,(x0 + sqrt(((x0 - 1.74) * exp(exp((cos(x0))^2))))),poly_deg=3,3,none,15,3,43.13525540449678,1.1850809781172784,-1.1375065393840835,False,9,7622,0,56.06387972831726
20300759,1,full,8,9,(log(sqrt((((2.28 - x0) - x0) * sqrt(x0)))) + (x0 - x0)),default,3,none,15,2,0.007846351999280703,0.4578000833646307,-5.979232363650551,False,9,8039,0,250.38885927200317
20300759,1,full,8,9,(log(sqrt((((2.28 - x0) - x0) * sqrt(x0)))) + (x0 - x0)),k_ex=2,2,none,15,2,1.4370711466034238e-29,8.384677245887816e-28,-27.631021115928547,True,4,2003,0,23.168517112731934
20300759,1,full,8,9,(log(sqrt((((2.28 - x0) - x0) * sqrt(x0)))) + (x0 - x0)),k_ex=4,4,none,15,2,0.0078463519984935,0.4578000833187008,-5.979232363715499,False,9,19714,0,95.78209161758423
20300759,1,full,8,9,(log(sqrt((((2.28 - x0) - x0) * sqrt(x0)))) + (x0 - x0)),dedup=affine,3,affine,15,2,3.4088960015654075e-32,1.988940687138512e-30,-27.631021115928547,True,7,6527,1511,113.55539512634277
20300759,1,full,8,9,(log(sqrt((((2.28 - x0) - x0) * sqrt(x0)))) + (x0 - x0)),dedup=background,3,background,15,2,2.1975823630430555e-29,1.2821925260222592e-27,-27.631021115928547,True,6,4171,1526,39.74725580215454
20300759,1,full,8,9,(log(sqrt((((2.28 - x0) - x0) * sqrt(x0)))) + (x0 - x0)),k_ex=4+dedup,4,background,15,2,0.007846351999280703,0.4578000833646307,-5.979232363650551,False,9,10817,8739,68.6325318813324
20300759,1,full,8,9,(log(sqrt((((2.28 - x0) - x0) * sqrt(x0)))) + (x0 - x0)),beam=5,3,none,5,2,0.007262582256947811,0.4237396898556157,-6.060247965438963,False,9,4663,0,71.5098249912262
20300759,1,full,8,9,(log(sqrt((((2.28 - x0) - x0) * sqrt(x0)))) + (x0 - x0)),beam=40,3,none,40,2,2.1334681551944044e-29,1.2447847093698066e-27,-27.631021115928547,True,7,16399,0,317.80838108062744
20300759,1,full,8,9,(log(sqrt((((2.28 - x0) - x0) * sqrt(x0)))) + (x0 - x0)),poly_deg=0,3,none,15,0,2.956302464634407e-29,1.7248722908235116e-27,-27.631021115928547,True,7,8127,0,133.22128319740295
20300759,1,full,8,9,(log(sqrt((((2.28 - x0) - x0) * sqrt(x0)))) + (x0 - x0)),poly_deg=1,3,none,15,1,0.0970497021929579,5.662422710390978,-4.386747819349709,False,8,8049,0,89.51908493041992
20300759,1,full,8,9,(log(sqrt((((2.28 - x0) - x0) * sqrt(x0)))) + (x0 - x0)),poly_deg=3,3,none,15,3,4.5280783708184234e-26,2.6419343101511234e-24,-27.631021115928416,True,7,8188,0,88.23857688903809
